experiment_id,tag,target,model_spec,seed,model,hypothesis,features,calibration,n_train,n_val,n_test,pos_train,pos_val,pos_test,train_weeks,val_weeks,test_weeks,n_features,n_trees,pr_auc,roc_auc,pr_auc_cal,roc_auc_cal,precision,recall,brier,n_unique_pred,status,stage
dev|propagation_vulnerability|A|seed42,dev,propagation_vulnerability,A,42,"LightGBM(binary,lr0.05,leaves31,depth5,seed42)",Individual financial features only; no peer/network context. Lower bound.,43 features,Platt on validation split only; test labels unused,31200.0,12800.0,12000.0,8.0,9.0,7.0,1-78,87-118,127-156,43.0,1.0,0.2560130126039737,0.9128837059713404,0.2542182539682539,0.785505830782242,0.4444444444444444,0.5714285714285714,0.0005823911802002,3.0,ok,research_validation
dev|propagation_vulnerability|B|seed42,dev,propagation_vulnerability,B,42,"LightGBM(binary,lr0.05,leaves31,depth5,seed42)","Individual + network context (M2C Model B, 51 features). The baseline to beat.",51 features,Platt on validation split only; test labels unused,31200.0,12800.0,12000.0,8.0,9.0,7.0,1-78,87-118,127-156,51.0,1.0,0.0005833333333333,0.4735262236304511,0.0005833333333333,0.4992078712582339,0.0,0.0,0.0005835938554493,4.0,ok,research_validation
dev|propagation_vulnerability|B+P0_m2c_exposure|seed42,dev,propagation_vulnerability,B+P0_m2c_exposure,42,"LightGBM(binary,lr0.05,leaves31,depth5,seed42)","M2C Model C. Exposure = peer_predicted_stress_mean * borrower_liability_share; both factors already in B, so no new information is expected.",52 features,Platt on validation split only; test labels unused,31200.0,12800.0,12000.0,8.0,9.0,7.0,1-78,87-118,127-156,52.0,1.0,0.0005833333333333,0.4735262236304511,0.0005833333333333,0.4992078712582339,0.0,0.0,0.0005835938554493,4.0,ok,research_validation
dev|propagation_vulnerability|B+P1_liab_channel|seed42,dev,propagation_vulnerability,B+P1_liab_channel,42,"LightGBM(binary,lr0.05,leaves31,depth5,seed42)",Routing peer stress through the CONTRACTUAL liability weight (the generator transmission channel) rather than a wealth share should add information B lacks.,52 features,Platt on validation split only; test labels unused,31200.0,12800.0,12000.0,8.0,9.0,7.0,1-78,87-118,127-156,52.0,1.0,0.0005833333333333,0.4735262236304511,0.0005833333333333,0.4992078712582339,0.0,0.0,0.0005835938554493,4.0,ok,research_validation
dev|propagation_vulnerability|B+P2_concentration|seed42,dev,propagation_vulnerability,B+P2_concentration,42,"LightGBM(binary,lr0.05,leaves31,depth5,seed42)",Mean peer stress cannot distinguish one severe peer from several mild ones; max/count/HHI restore that structure.,54 features,Platt on validation split only; test labels unused,31200.0,12800.0,12000.0,8.0,9.0,7.0,1-78,87-118,127-156,54.0,1.0,0.0005833333333333,0.4735262236304511,0.0005833333333333,0.4992078712582339,0.0,0.0,0.0005835938554493,4.0,ok,research_validation
dev|propagation_vulnerability|B+P3_persistence|seed42,dev,propagation_vulnerability,B+P3_persistence,42,"LightGBM(binary,lr0.05,leaves31,depth5,seed42)",A peer stressed for several consecutive weeks drains the group pot cumulatively; decay and velocity capture duration the contemporaneous mean discards.,53 features,Platt on validation split only; test labels unused,31200.0,12800.0,12000.0,8.0,9.0,7.0,1-78,87-118,127-156,53.0,1.0,0.0005833333333333,0.4735262236304511,0.0005833333333333,0.4992078712582339,0.0,0.0,0.0005835938554493,4.0,ok,research_validation
dev|propagation_vulnerability|B+P4_dest_fragility|seed42,dev,propagation_vulnerability,B+P4_dest_fragility,42,"LightGBM(binary,lr0.05,leaves31,depth5,seed42)",Absolute buffer adequacy (buffer / obligation) measures capacity to absorb a liability call; B only has a RELATIVE wealth share.,53 features,Platt on validation split only; test labels unused,31200.0,12800.0,12000.0,8.0,9.0,7.0,1-78,87-118,127-156,53.0,1.0,0.0005833333333333,0.4735262236304511,0.0005833333333333,0.4992078712582339,0.0,0.0,0.0005835938554493,4.0,ok,research_validation
dev|propagation_vulnerability|B+P5_process|seed42,dev,propagation_vulnerability,B+P5_process,42,"LightGBM(binary,lr0.05,leaves31,depth5,seed42)","Propagation as a process: source stress x contractual channel x persistence x destination vulnerability, in one interpretable scalar.",52 features,Platt on validation split only; test labels unused,31200.0,12800.0,12000.0,8.0,9.0,7.0,1-78,87-118,127-156,52.0,1.0,0.0005833333333333,0.4735262236304511,0.0005833333333333,0.4992078712582339,0.0,0.0,0.0005835938554493,4.0,ok,research_validation
dev|propagation_vulnerability|B+P6_full|seed42,dev,propagation_vulnerability,B+P6_full,42,"LightGBM(binary,lr0.05,leaves31,depth5,seed42)",All research propagation features together; upper bound on what this family can contribute.,61 features,Platt on validation split only; test labels unused,31200.0,12800.0,12000.0,8.0,9.0,7.0,1-78,87-118,127-156,61.0,1.0,0.0005833333333333,0.4735262236304511,0.0005833333333333,0.4992078712582339,0.0,0.0,0.0005835938554493,4.0,ok,research_validation
dev|rt_new_stress|A|seed42,dev,rt_new_stress,A,42,"LightGBM(binary,lr0.05,leaves31,depth5,seed42)",Individual financial features only; no peer/network context. Lower bound.,43 features,Platt on validation split only; test labels unused,31200.0,12800.0,12000.0,54.0,25.0,20.0,1-78,87-118,127-156,43.0,2.0,0.2982336656455324,0.6842696160267112,0.2982336656455324,0.6842779632721202,0.2647058823529412,0.45,0.001509655584551,19.0,ok,research_validation
dev|rt_new_stress|B|seed42,dev,rt_new_stress,B,42,"LightGBM(binary,lr0.05,leaves31,depth5,seed42)","Individual + network context (M2C Model B, 51 features). The baseline to beat.",51 features,Platt on validation split only; test labels unused,31200.0,12800.0,12000.0,54.0,25.0,20.0,1-78,87-118,127-156,51.0,6.0,0.4227789466837117,0.707155676126878,0.4227789466837117,0.7073434891485809,0.140625,0.45,0.0014293928427903,110.0,ok,research_validation
dev|rt_new_stress|B+P0_m2c_exposure|seed42,dev,rt_new_stress,B+P0_m2c_exposure,42,"LightGBM(binary,lr0.05,leaves31,depth5,seed42)","M2C Model C. Exposure = peer_predicted_stress_mean * borrower_liability_share; both factors already in B, so no new information is expected.",52 features,Platt on validation split only; test labels unused,31200.0,12800.0,12000.0,54.0,25.0,20.0,1-78,87-118,127-156,52.0,182.0,0.4622080583797528,0.8121327212020033,0.4622080583797528,0.8121327212020033,0.3214285714285714,0.45,0.001451073529593,1692.0,ok,research_validation
dev|rt_new_stress|B+P1_liab_channel|seed42,dev,rt_new_stress,B+P1_liab_channel,42,"LightGBM(binary,lr0.05,leaves31,depth5,seed42)",Routing peer stress through the CONTRACTUAL liability weight (the generator transmission channel) rather than a wealth share should add information B lacks.,52 features,Platt on validation split only; test labels unused,31200.0,12800.0,12000.0,54.0,25.0,20.0,1-78,87-118,127-156,52.0,27.0,0.4187801513745734,0.71440734557596,0.4187801513745734,0.71440734557596,0.0857142857142857,0.45,0.0013715891545536,434.0,ok,research_validation
dev|rt_new_stress|B+P2_concentration|seed42,dev,rt_new_stress,B+P2_concentration,42,"LightGBM(binary,lr0.05,leaves31,depth5,seed42)",Mean peer stress cannot distinguish one severe peer from several mild ones; max/count/HHI restore that structure.,54 features,Platt on validation split only; test labels unused,31200.0,12800.0,12000.0,54.0,25.0,20.0,1-78,87-118,127-156,54.0,6.0,0.4227789466837117,0.707155676126878,0.4227789466837117,0.7073434891485809,0.140625,0.45,0.0014293928427903,110.0,ok,research_validation
dev|rt_new_stress|B+P3_persistence|seed42,dev,rt_new_stress,B+P3_persistence,42,"LightGBM(binary,lr0.05,leaves31,depth5,seed42)",A peer stressed for several consecutive weeks drains the group pot cumulatively; decay and velocity capture duration the contemporaneous mean discards.,53 features,Platt on validation split only; test labels unused,31200.0,12800.0,12000.0,54.0,25.0,20.0,1-78,87-118,127-156,53.0,16.0,0.3655628827822555,0.649071368948247,0.3655628827822555,0.6492591819699499,0.0919540229885057,0.4,0.0013920531702067,236.0,ok,research_validation
dev|rt_new_stress|B+P4_dest_fragility|seed42,dev,rt_new_stress,B+P4_dest_fragility,42,"LightGBM(binary,lr0.05,leaves31,depth5,seed42)",Absolute buffer adequacy (buffer / obligation) measures capacity to absorb a liability call; B only has a RELATIVE wealth share.,53 features,Platt on validation split only; test labels unused,31200.0,12800.0,12000.0,54.0,25.0,20.0,1-78,87-118,127-156,53.0,27.0,0.4339474646658679,0.6968697829716194,0.4339474646658679,0.6968697829716194,0.0841121495327102,0.45,0.0014371552496666,401.0,ok,research_validation
dev|rt_new_stress|B+P5_process|seed42,dev,rt_new_stress,B+P5_process,42,"LightGBM(binary,lr0.05,leaves31,depth5,seed42)","Propagation as a process: source stress x contractual channel x persistence x destination vulnerability, in one interpretable scalar.",52 features,Platt on validation split only; test labels unused,31200.0,12800.0,12000.0,54.0,25.0,20.0,1-78,87-118,127-156,52.0,15.0,0.4197838120228679,0.7018405676126878,0.4197838120228679,0.7020283806343905,0.1343283582089552,0.45,0.0013845673894901,229.0,ok,research_validation
dev|rt_new_stress|B+P6_full|seed42,dev,rt_new_stress,B+P6_full,42,"LightGBM(binary,lr0.05,leaves31,depth5,seed42)",All research propagation features together; upper bound on what this family can contribute.,61 features,Platt on validation split only; test labels unused,31200.0,12800.0,12000.0,54.0,25.0,20.0,1-78,87-118,127-156,61.0,144.0,0.4521777685660325,0.7412646076794658,0.4521777685660325,0.7412646076794658,0.5625,0.45,0.001510936501487,1709.0,ok,research_validation
dev|propagation_vulnerability|A|seed101,dev,propagation_vulnerability,A,101,"LightGBM(binary,lr0.05,leaves31,depth5,seed42)",Individual financial features only; no peer/network context. Lower bound.,43 features,Platt on validation split only; test labels unused,31200.0,12800.0,12000.0,13.0,7.0,4.0,1-78,87-118,127-156,43.0,1.0,0.0003333333333333,0.4991663887962654,0.0003333333333333,0.4991663887962654,0.0,0.0,0.0003332500701857,4.0,ok,research_validation
dev|propagation_vulnerability|B|seed101,dev,propagation_vulnerability,B,101,"LightGBM(binary,lr0.05,leaves31,depth5,seed42)","Individual + network context (M2C Model B, 51 features). The baseline to beat.",51 features,Platt on validation split only; test labels unused,31200.0,12800.0,12000.0,13.0,7.0,4.0,1-78,87-118,127-156,51.0,1.0,0.0003333333333333,0.4991663887962654,0.0003333333333333,0.4991663887962654,0.0,0.0,0.0003332500701857,4.0,ok,research_validation
dev|propagation_vulnerability|B+P0_m2c_exposure|seed101,dev,propagation_vulnerability,B+P0_m2c_exposure,101,"LightGBM(binary,lr0.05,leaves31,depth5,seed42)","M2C Model C. Exposure = peer_predicted_stress_mean * borrower_liability_share; both factors already in B, so no new information is expected.",52 features,Platt on validation split only; test labels unused,31200.0,12800.0,12000.0,13.0,7.0,4.0,1-78,87-118,127-156,52.0,22.0,0.2352941176470588,0.9994581527175724,0.2352941176470588,0.9994581527175724,0.0191387559808612,1.0,0.0003252070934565,444.0,ok,research_validation
dev|propagation_vulnerability|B+P1_liab_channel|seed101,dev,propagation_vulnerability,B+P1_liab_channel,101,"LightGBM(binary,lr0.05,leaves31,depth5,seed42)",Routing peer stress through the CONTRACTUAL liability weight (the generator transmission channel) rather than a wealth share should add information B lacks.,52 features,Platt on validation split only; test labels unused,31200.0,12800.0,12000.0,13.0,7.0,4.0,1-78,87-118,127-156,52.0,1.0,0.0003333333333333,0.4991663887962654,0.0003333333333333,0.4991663887962654,0.0,0.0,0.0003332500701857,4.0,ok,research_validation
dev|propagation_vulnerability|B+P2_concentration|seed101,dev,propagation_vulnerability,B+P2_concentration,101,"LightGBM(binary,lr0.05,leaves31,depth5,seed42)",Mean peer stress cannot distinguish one severe peer from several mild ones; max/count/HHI restore that structure.,54 features,Platt on validation split only; test labels unused,31200.0,12800.0,12000.0,13.0,7.0,4.0,1-78,87-118,127-156,54.0,1.0,0.0003333333333333,0.4991663887962654,0.0003333333333333,0.4991663887962654,0.0,0.0,0.0003332500701857,4.0,ok,research_validation
dev|propagation_vulnerability|B+P3_persistence|seed101,dev,propagation_vulnerability,B+P3_persistence,101,"LightGBM(binary,lr0.05,leaves31,depth5,seed42)",A peer stressed for several consecutive weeks drains the group pot cumulatively; decay and velocity capture duration the contemporaneous mean discards.,53 features,Platt on validation split only; test labels unused,31200.0,12800.0,12000.0,13.0,7.0,4.0,1-78,87-118,127-156,53.0,7.0,0.0084815958036548,0.7375583527842614,0.0084815958036548,0.737600033344448,0.0055555555555555,0.25,0.0003332745417769,89.0,ok,research_validation
dev|propagation_vulnerability|B+P4_dest_fragility|seed101,dev,propagation_vulnerability,B+P4_dest_fragility,101,"LightGBM(binary,lr0.05,leaves31,depth5,seed42)",Absolute buffer adequacy (buffer / obligation) measures capacity to absorb a liability call; B only has a RELATIVE wealth share.,53 features,Platt on validation split only; test labels unused,31200.0,12800.0,12000.0,13.0,7.0,4.0,1-78,87-118,127-156,53.0,1.0,0.0003333333333333,0.4991663887962654,0.0003333333333333,0.4991663887962654,0.0,0.0,0.0003332500701857,4.0,ok,research_validation
dev|propagation_vulnerability|B+P5_process|seed101,dev,propagation_vulnerability,B+P5_process,101,"LightGBM(binary,lr0.05,leaves31,depth5,seed42)","Propagation as a process: source stress x contractual channel x persistence x destination vulnerability, in one interpretable scalar.",52 features,Platt on validation split only; test labels unused,31200.0,12800.0,12000.0,13.0,7.0,4.0,1-78,87-118,127-156,52.0,1.0,0.0003333333333333,0.4991663887962654,0.0003333333333333,0.4991663887962654,0.0,0.0,0.0003332500701857,4.0,ok,research_validation
dev|propagation_vulnerability|B+P6_full|seed101,dev,propagation_vulnerability,B+P6_full,101,"LightGBM(binary,lr0.05,leaves31,depth5,seed42)",All research propagation features together; upper bound on what this family can contribute.,61 features,Platt on validation split only; test labels unused,31200.0,12800.0,12000.0,13.0,7.0,4.0,1-78,87-118,127-156,61.0,1.0,0.0003333333333333,0.4985828609536512,0.0003333333333333,0.4985828609536512,0.0,0.0,0.000333250778104,5.0,ok,research_validation
dev|rt_new_stress|A|seed101,dev,rt_new_stress,A,101,"LightGBM(binary,lr0.05,leaves31,depth5,seed42)",Individual financial features only; no peer/network context. Lower bound.,43 features,Platt on validation split only; test labels unused,31200.0,12800.0,12000.0,52.0,22.0,28.0,1-78,87-118,127-156,43.0,11.0,0.0700865818560065,0.7888898501264856,0.0700865193090963,0.7888764259462555,0.144578313253012,0.4285714285714285,0.0024986693635098,86.0,ok,research_validation
dev|rt_new_stress|B|seed101,dev,rt_new_stress,B,101,"LightGBM(binary,lr0.05,leaves31,depth5,seed42)","Individual + network context (M2C Model B, 51 features). The baseline to beat.",51 features,Platt on validation split only; test labels unused,31200.0,12800.0,12000.0,52.0,22.0,28.0,1-78,87-118,127-156,51.0,30.0,0.154399456854929,0.6778942532576011,0.154399456854929,0.677894253257601,0.0927835051546391,0.3214285714285714,0.0021721413720383,203.0,ok,research_validation
dev|rt_new_stress|B+P0_m2c_exposure|seed101,dev,rt_new_stress,B+P0_m2c_exposure,101,"LightGBM(binary,lr0.05,leaves31,depth5,seed42)","M2C Model C. Exposure = peer_predicted_stress_mean * borrower_liability_share; both factors already in B, so no new information is expected.",52 features,Platt on validation split only; test labels unused,31200.0,12800.0,12000.0,52.0,22.0,28.0,1-78,87-118,127-156,52.0,27.0,0.1546691528751168,0.6571703021335498,0.1546691528751168,0.6571703021335498,0.0927835051546391,0.3214285714285714,0.0021665200409077,214.0,ok,research_validation
dev|rt_new_stress|B+P1_liab_channel|seed101,dev,rt_new_stress,B+P1_liab_channel,101,"LightGBM(binary,lr0.05,leaves31,depth5,seed42)",Routing peer stress through the CONTRACTUAL liability weight (the generator transmission channel) rather than a wealth share should add information B lacks.,52 features,Platt on validation split only; test labels unused,31200.0,12800.0,12000.0,52.0,22.0,28.0,1-78,87-118,127-156,52.0,35.0,0.1552334094542438,0.6979290964631761,0.1552334094542438,0.6979290964631759,0.0927835051546391,0.3214285714285714,0.0021697900649678,325.0,ok,research_validation
dev|rt_new_stress|B+P2_concentration|seed101,dev,rt_new_stress,B+P2_concentration,101,"LightGBM(binary,lr0.05,leaves31,depth5,seed42)",Mean peer stress cannot distinguish one severe peer from several mild ones; max/count/HHI restore that structure.,54 features,Platt on validation split only; test labels unused,31200.0,12800.0,12000.0,52.0,22.0,28.0,1-78,87-118,127-156,54.0,21.0,0.1545929705958017,0.678804114362083,0.1545929705958017,0.6788041143620829,0.0708661417322834,0.3214285714285714,0.0021599847615299,188.0,ok,research_validation
dev|rt_new_stress|B+P3_persistence|seed101,dev,rt_new_stress,B+P3_persistence,101,"LightGBM(binary,lr0.05,leaves31,depth5,seed42)",A peer stressed for several consecutive weeks drains the group pot cumulatively; decay and velocity capture duration the contemporaneous mean discards.,53 features,Platt on validation split only; test labels unused,31200.0,12800.0,12000.0,52.0,22.0,28.0,1-78,87-118,127-156,53.0,70.0,0.1089727345305176,0.8688039950360366,0.1089727345305176,0.8688039950360366,0.2571428571428571,0.3214285714285714,0.0021768565229142,826.0,ok,research_validation
dev|rt_new_stress|B+P4_dest_fragility|seed101,dev,rt_new_stress,B+P4_dest_fragility,101,"LightGBM(binary,lr0.05,leaves31,depth5,seed42)",Absolute buffer adequacy (buffer / obligation) measures capacity to absorb a liability call; B only has a RELATIVE wealth share.,53 features,Platt on validation split only; test labels unused,31200.0,12800.0,12000.0,52.0,22.0,28.0,1-78,87-118,127-156,53.0,35.0,0.1343430622006459,0.729052312538781,0.1343430622006459,0.729052312538781,0.2093023255813953,0.3214285714285714,0.0021568385839496,262.0,ok,research_validation
dev|rt_new_stress|B+P5_process|seed101,dev,rt_new_stress,B+P5_process,101,"LightGBM(binary,lr0.05,leaves31,depth5,seed42)","Propagation as a process: source stress x contractual channel x persistence x destination vulnerability, in one interpretable scalar.",52 features,Platt on validation split only; test labels unused,31200.0,12800.0,12000.0,52.0,22.0,28.0,1-78,87-118,127-156,52.0,43.0,0.1661902362817286,0.751542289150876,0.1661902362817286,0.751542289150876,0.0491803278688524,0.3214285714285714,0.0021809234894854,363.0,ok,research_validation
dev|rt_new_stress|B+P6_full|seed101,dev,rt_new_stress,B+P6_full,101,"LightGBM(binary,lr0.05,leaves31,depth5,seed42)",All research propagation features together; upper bound on what this family can contribute.,61 features,Platt on validation split only; test labels unused,31200.0,12800.0,12000.0,52.0,22.0,28.0,1-78,87-118,127-156,61.0,62.0,0.2580215542880502,0.7844628538017278,0.2580215542880502,0.7844628538017278,0.4285714285714285,0.3214285714285714,0.002135042374529,818.0,ok,research_validation
dev|propagation_vulnerability|A|seed202,dev,propagation_vulnerability,A,202,"LightGBM(binary,lr0.05,leaves31,depth5,seed42)",Individual financial features only; no peer/network context. Lower bound.,43 features,Platt on validation split only; test labels unused,,,,,,,,,,,,,,,,,,,,unscoreable_no_test_positives,research_validation
dev|propagation_vulnerability|B|seed202,dev,propagation_vulnerability,B,202,"LightGBM(binary,lr0.05,leaves31,depth5,seed42)","Individual + network context (M2C Model B, 51 features). The baseline to beat.",51 features,Platt on validation split only; test labels unused,,,,,,,,,,,,,,,,,,,,unscoreable_no_test_positives,research_validation
dev|propagation_vulnerability|B+P0_m2c_exposure|seed202,dev,propagation_vulnerability,B+P0_m2c_exposure,202,"LightGBM(binary,lr0.05,leaves31,depth5,seed42)","M2C Model C. Exposure = peer_predicted_stress_mean * borrower_liability_share; both factors already in B, so no new information is expected.",52 features,Platt on validation split only; test labels unused,,,,,,,,,,,,,,,,,,,,unscoreable_no_test_positives,research_validation
dev|propagation_vulnerability|B+P1_liab_channel|seed202,dev,propagation_vulnerability,B+P1_liab_channel,202,"LightGBM(binary,lr0.05,leaves31,depth5,seed42)",Routing peer stress through the CONTRACTUAL liability weight (the generator transmission channel) rather than a wealth share should add information B lacks.,52 features,Platt on validation split only; test labels unused,,,,,,,,,,,,,,,,,,,,unscoreable_no_test_positives,research_validation
dev|propagation_vulnerability|B+P2_concentration|seed202,dev,propagation_vulnerability,B+P2_concentration,202,"LightGBM(binary,lr0.05,leaves31,depth5,seed42)",Mean peer stress cannot distinguish one severe peer from several mild ones; max/count/HHI restore that structure.,54 features,Platt on validation split only; test labels unused,,,,,,,,,,,,,,,,,,,,unscoreable_no_test_positives,research_validation
dev|propagation_vulnerability|B+P3_persistence|seed202,dev,propagation_vulnerability,B+P3_persistence,202,"LightGBM(binary,lr0.05,leaves31,depth5,seed42)",A peer stressed for several consecutive weeks drains the group pot cumulatively; decay and velocity capture duration the contemporaneous mean discards.,53 features,Platt on validation split only; test labels unused,,,,,,,,,,,,,,,,,,,,unscoreable_no_test_positives,research_validation
dev|propagation_vulnerability|B+P4_dest_fragility|seed202,dev,propagation_vulnerability,B+P4_dest_fragility,202,"LightGBM(binary,lr0.05,leaves31,depth5,seed42)",Absolute buffer adequacy (buffer / obligation) measures capacity to absorb a liability call; B only has a RELATIVE wealth share.,53 features,Platt on validation split only; test labels unused,,,,,,,,,,,,,,,,,,,,unscoreable_no_test_positives,research_validation
dev|propagation_vulnerability|B+P5_process|seed202,dev,propagation_vulnerability,B+P5_process,202,"LightGBM(binary,lr0.05,leaves31,depth5,seed42)","Propagation as a process: source stress x contractual channel x persistence x destination vulnerability, in one interpretable scalar.",52 features,Platt on validation split only; test labels unused,,,,,,,,,,,,,,,,,,,,unscoreable_no_test_positives,research_validation
dev|propagation_vulnerability|B+P6_full|seed202,dev,propagation_vulnerability,B+P6_full,202,"LightGBM(binary,lr0.05,leaves31,depth5,seed42)",All research propagation features together; upper bound on what this family can contribute.,61 features,Platt on validation split only; test labels unused,,,,,,,,,,,,,,,,,,,,unscoreable_no_test_positives,research_validation
dev|rt_new_stress|A|seed202,dev,rt_new_stress,A,202,"LightGBM(binary,lr0.05,leaves31,depth5,seed42)",Individual financial features only; no peer/network context. Lower bound.,43 features,Platt on validation split only; test labels unused,31200.0,12800.0,12000.0,64.0,13.0,20.0,1-78,87-118,127-156,43.0,1.0,0.1433246095228902,0.7037437395659432,0.1433246095228902,0.7037437395659432,0.2972972972972973,0.55,0.0016504718118346,9.0,ok,research_validation
dev|rt_new_stress|B|seed202,dev,rt_new_stress,B,202,"LightGBM(binary,lr0.05,leaves31,depth5,seed42)","Individual + network context (M2C Model B, 51 features). The baseline to beat.",51 features,Platt on validation split only; test labels unused,31200.0,12800.0,12000.0,64.0,13.0,20.0,1-78,87-118,127-156,51.0,10.0,0.2459277214971124,0.8528025876460766,0.2459277214971124,0.8528025876460766,0.4074074074074074,0.55,0.0016258631856526,107.0,ok,research_validation
dev|rt_new_stress|B+P0_m2c_exposure|seed202,dev,rt_new_stress,B+P0_m2c_exposure,202,"LightGBM(binary,lr0.05,leaves31,depth5,seed42)","M2C Model C. Exposure = peer_predicted_stress_mean * borrower_liability_share; both factors already in B, so no new information is expected.",52 features,Platt on validation split only; test labels unused,31200.0,12800.0,12000.0,64.0,13.0,20.0,1-78,87-118,127-156,52.0,35.0,0.1788013454557841,0.8526836393989983,0.1788013454557841,0.8526836393989983,0.089430894308943,0.55,0.0016111457976622,307.0,ok,research_validation
dev|rt_new_stress|B+P1_liab_channel|seed202,dev,rt_new_stress,B+P1_liab_channel,202,"LightGBM(binary,lr0.05,leaves31,depth5,seed42)",Routing peer stress through the CONTRACTUAL liability weight (the generator transmission channel) rather than a wealth share should add information B lacks.,52 features,Platt on validation split only; test labels unused,31200.0,12800.0,12000.0,64.0,13.0,20.0,1-78,87-118,127-156,52.0,13.0,0.2567385465755288,0.8504152754590985,0.2567385465755288,0.8504152754590985,0.1122448979591836,0.55,0.0016174331428251,144.0,ok,research_validation
dev|rt_new_stress|B+P2_concentration|seed202,dev,rt_new_stress,B+P2_concentration,202,"LightGBM(binary,lr0.05,leaves31,depth5,seed42)",Mean peer stress cannot distinguish one severe peer from several mild ones; max/count/HHI restore that structure.,54 features,Platt on validation split only; test labels unused,31200.0,12800.0,12000.0,64.0,13.0,20.0,1-78,87-118,127-156,54.0,3.0,0.2177118171843577,0.7985434056761269,0.2177118171843577,0.7985434056761269,0.34375,0.55,0.0016456288902733,33.0,ok,research_validation
dev|rt_new_stress|B+P3_persistence|seed202,dev,rt_new_stress,B+P3_persistence,202,"LightGBM(binary,lr0.05,leaves31,depth5,seed42)",A peer stressed for several consecutive weeks drains the group pot cumulatively; decay and velocity capture duration the contemporaneous mean discards.,53 features,Platt on validation split only; test labels unused,31200.0,12800.0,12000.0,64.0,13.0,20.0,1-78,87-118,127-156,53.0,10.0,0.0900310818568351,0.7702378964941569,0.0900310818568351,0.7702378964941569,0.1363636363636363,0.15,0.001635008538346,62.0,ok,research_validation
dev|rt_new_stress|B+P4_dest_fragility|seed202,dev,rt_new_stress,B+P4_dest_fragility,202,"LightGBM(binary,lr0.05,leaves31,depth5,seed42)",Absolute buffer adequacy (buffer / obligation) measures capacity to absorb a liability call; B only has a RELATIVE wealth share.,53 features,Platt on validation split only; test labels unused,31200.0,12800.0,12000.0,64.0,13.0,20.0,1-78,87-118,127-156,53.0,10.0,0.2461313746518561,0.8539294657762938,0.2461313746518561,0.8539294657762938,0.4074074074074074,0.55,0.001625862294501,107.0,ok,research_validation
dev|rt_new_stress|B+P5_process|seed202,dev,rt_new_stress,B+P5_process,202,"LightGBM(binary,lr0.05,leaves31,depth5,seed42)","Propagation as a process: source stress x contractual channel x persistence x destination vulnerability, in one interpretable scalar.",52 features,Platt on validation split only; test labels unused,31200.0,12800.0,12000.0,64.0,13.0,20.0,1-78,87-118,127-156,52.0,17.0,0.3192739032688513,0.8442842237061768,0.3192739032688513,0.8442842237061768,0.4230769230769231,0.55,0.0016142783814683,159.0,ok,research_validation
dev|rt_new_stress|B+P6_full|seed202,dev,rt_new_stress,B+P6_full,202,"LightGBM(binary,lr0.05,leaves31,depth5,seed42)",All research propagation features together; upper bound on what this family can contribute.,61 features,Platt on validation split only; test labels unused,31200.0,12800.0,12000.0,64.0,13.0,20.0,1-78,87-118,127-156,61.0,8.0,0.0788638035831361,0.7822203672787981,0.0788638035831361,0.7822203672787981,0.1578947368421052,0.15,0.0016369176421388,50.0,ok,research_validation
dev|propagation_vulnerability|A|seed303,dev,propagation_vulnerability,A,303,"LightGBM(binary,lr0.05,leaves31,depth5,seed42)",Individual financial features only; no peer/network context. Lower bound.,43 features,Platt on validation split only; test labels unused,,,,,,,,,,,,,,,,,,,,unscoreable_no_test_positives,research_validation
dev|propagation_vulnerability|B|seed303,dev,propagation_vulnerability,B,303,"LightGBM(binary,lr0.05,leaves31,depth5,seed42)","Individual + network context (M2C Model B, 51 features). The baseline to beat.",51 features,Platt on validation split only; test labels unused,,,,,,,,,,,,,,,,,,,,unscoreable_no_test_positives,research_validation
dev|propagation_vulnerability|B+P0_m2c_exposure|seed303,dev,propagation_vulnerability,B+P0_m2c_exposure,303,"LightGBM(binary,lr0.05,leaves31,depth5,seed42)","M2C Model C. Exposure = peer_predicted_stress_mean * borrower_liability_share; both factors already in B, so no new information is expected.",52 features,Platt on validation split only; test labels unused,,,,,,,,,,,,,,,,,,,,unscoreable_no_test_positives,research_validation
dev|propagation_vulnerability|B+P1_liab_channel|seed303,dev,propagation_vulnerability,B+P1_liab_channel,303,"LightGBM(binary,lr0.05,leaves31,depth5,seed42)",Routing peer stress through the CONTRACTUAL liability weight (the generator transmission channel) rather than a wealth share should add information B lacks.,52 features,Platt on validation split only; test labels unused,,,,,,,,,,,,,,,,,,,,unscoreable_no_test_positives,research_validation
dev|propagation_vulnerability|B+P2_concentration|seed303,dev,propagation_vulnerability,B+P2_concentration,303,"LightGBM(binary,lr0.05,leaves31,depth5,seed42)",Mean peer stress cannot distinguish one severe peer from several mild ones; max/count/HHI restore that structure.,54 features,Platt on validation split only; test labels unused,,,,,,,,,,,,,,,,,,,,unscoreable_no_test_positives,research_validation
dev|propagation_vulnerability|B+P3_persistence|seed303,dev,propagation_vulnerability,B+P3_persistence,303,"LightGBM(binary,lr0.05,leaves31,depth5,seed42)",A peer stressed for several consecutive weeks drains the group pot cumulatively; decay and velocity capture duration the contemporaneous mean discards.,53 features,Platt on validation split only; test labels unused,,,,,,,,,,,,,,,,,,,,unscoreable_no_test_positives,research_validation
dev|propagation_vulnerability|B+P4_dest_fragility|seed303,dev,propagation_vulnerability,B+P4_dest_fragility,303,"LightGBM(binary,lr0.05,leaves31,depth5,seed42)",Absolute buffer adequacy (buffer / obligation) measures capacity to absorb a liability call; B only has a RELATIVE wealth share.,53 features,Platt on validation split only; test labels unused,,,,,,,,,,,,,,,,,,,,unscoreable_no_test_positives,research_validation
dev|propagation_vulnerability|B+P5_process|seed303,dev,propagation_vulnerability,B+P5_process,303,"LightGBM(binary,lr0.05,leaves31,depth5,seed42)","Propagation as a process: source stress x contractual channel x persistence x destination vulnerability, in one interpretable scalar.",52 features,Platt on validation split only; test labels unused,,,,,,,,,,,,,,,,,,,,unscoreable_no_test_positives,research_validation
dev|propagation_vulnerability|B+P6_full|seed303,dev,propagation_vulnerability,B+P6_full,303,"LightGBM(binary,lr0.05,leaves31,depth5,seed42)",All research propagation features together; upper bound on what this family can contribute.,61 features,Platt on validation split only; test labels unused,,,,,,,,,,,,,,,,,,,,unscoreable_no_test_positives,research_validation
dev|rt_new_stress|A|seed303,dev,rt_new_stress,A,303,"LightGBM(binary,lr0.05,leaves31,depth5,seed42)",Individual financial features only; no peer/network context. Lower bound.,43 features,Platt on validation split only; test labels unused,31200.0,12800.0,12000.0,58.0,18.0,16.0,1-78,87-118,127-156,43.0,54.0,0.1920435433099699,0.7962908878504673,0.1920435433099699,0.7962908878504673,0.5,0.3125,0.0013292777265886,294.0,ok,research_validation
dev|rt_new_stress|B|seed303,dev,rt_new_stress,B,303,"LightGBM(binary,lr0.05,leaves31,depth5,seed42)","Individual + network context (M2C Model B, 51 features). The baseline to beat.",51 features,Platt on validation split only; test labels unused,31200.0,12800.0,12000.0,58.0,18.0,16.0,1-78,87-118,127-156,51.0,27.0,0.3278839005158108,0.8008959863150867,0.3278839005158108,0.8008959863150867,0.1489361702127659,0.4375,0.0012424760612988,227.0,ok,research_validation
dev|rt_new_stress|B+P0_m2c_exposure|seed303,dev,rt_new_stress,B+P0_m2c_exposure,303,"LightGBM(binary,lr0.05,leaves31,depth5,seed42)","M2C Model C. Exposure = peer_predicted_stress_mean * borrower_liability_share; both factors already in B, so no new information is expected.",52 features,Platt on validation split only; test labels unused,31200.0,12800.0,12000.0,58.0,18.0,16.0,1-78,87-118,127-156,52.0,10.0,0.2982153104728609,0.791771841622163,0.2982153104728609,0.791771841622163,0.0142276422764227,0.4375,0.0012580778422218,91.0,ok,research_validation
dev|rt_new_stress|B+P1_liab_channel|seed303,dev,rt_new_stress,B+P1_liab_channel,303,"LightGBM(binary,lr0.05,leaves31,depth5,seed42)",Routing peer stress through the CONTRACTUAL liability weight (the generator transmission channel) rather than a wealth share should add information B lacks.,52 features,Platt on validation split only; test labels unused,31200.0,12800.0,12000.0,58.0,18.0,16.0,1-78,87-118,127-156,52.0,9.0,0.2278266253677931,0.9142893649866488,0.2278266253677931,0.9142893649866488,0.0126126126126126,0.4375,0.0012521977848396,80.0,ok,research_validation
dev|rt_new_stress|B+P2_concentration|seed303,dev,rt_new_stress,B+P2_concentration,303,"LightGBM(binary,lr0.05,leaves31,depth5,seed42)",Mean peer stress cannot distinguish one severe peer from several mild ones; max/count/HHI restore that structure.,54 features,Platt on validation split only; test labels unused,31200.0,12800.0,12000.0,58.0,18.0,16.0,1-78,87-118,127-156,54.0,29.0,0.339871650208832,0.8254625959612816,0.339871650208832,0.8254625959612816,0.1489361702127659,0.4375,0.0012405293131498,210.0,ok,research_validation
dev|rt_new_stress|B+P3_persistence|seed303,dev,rt_new_stress,B+P3_persistence,303,"LightGBM(binary,lr0.05,leaves31,depth5,seed42)",A peer stressed for several consecutive weeks drains the group pot cumulatively; decay and velocity capture duration the contemporaneous mean discards.,53 features,Platt on validation split only; test labels unused,31200.0,12800.0,12000.0,58.0,18.0,16.0,1-78,87-118,127-156,53.0,35.0,0.3466939015081313,0.7978737274699601,0.3466939015081313,0.7978737274699601,0.125,0.4375,0.0012351662177148,262.0,ok,research_validation
dev|rt_new_stress|B+P4_dest_fragility|seed303,dev,rt_new_stress,B+P4_dest_fragility,303,"LightGBM(binary,lr0.05,leaves31,depth5,seed42)",Absolute buffer adequacy (buffer / obligation) measures capacity to absorb a liability call; B only has a RELATIVE wealth share.,53 features,Platt on validation split only; test labels unused,31200.0,12800.0,12000.0,58.0,18.0,16.0,1-78,87-118,127-156,53.0,10.0,0.3321237074689705,0.7844913009012017,0.3321237074689705,0.7844913009012017,0.025089605734767,0.4375,0.0012084075260733,121.0,ok,research_validation
dev|rt_new_stress|B+P5_process|seed303,dev,rt_new_stress,B+P5_process,303,"LightGBM(binary,lr0.05,leaves31,depth5,seed42)","Propagation as a process: source stress x contractual channel x persistence x destination vulnerability, in one interpretable scalar.",52 features,Platt on validation split only; test labels unused,31200.0,12800.0,12000.0,58.0,18.0,16.0,1-78,87-118,127-156,52.0,9.0,0.3331122100360184,0.786233206775701,0.3331122100360184,0.786233206775701,0.011182108626198,0.4375,0.0012272108268862,79.0,ok,research_validation
dev|rt_new_stress|B+P6_full|seed303,dev,rt_new_stress,B+P6_full,303,"LightGBM(binary,lr0.05,leaves31,depth5,seed42)",All research propagation features together; upper bound on what this family can contribute.,61 features,Platt on validation split only; test labels unused,31200.0,12800.0,12000.0,58.0,18.0,16.0,1-78,87-118,127-156,61.0,10.0,0.2297466996231511,0.8203151076435247,0.2297466996231511,0.8203151076435247,0.0116666666666666,0.4375,0.0012390256227632,169.0,ok,research_validation
dev|propagation_vulnerability|A|seed404,dev,propagation_vulnerability,A,404,"LightGBM(binary,lr0.05,leaves31,depth5,seed42)",Individual financial features only; no peer/network context. Lower bound.,43 features,Platt on validation split only; test labels unused,,,,,,,,,,,,,,,,,,,,unscoreable_no_test_positives,research_validation
dev|propagation_vulnerability|B|seed404,dev,propagation_vulnerability,B,404,"LightGBM(binary,lr0.05,leaves31,depth5,seed42)","Individual + network context (M2C Model B, 51 features). The baseline to beat.",51 features,Platt on validation split only; test labels unused,,,,,,,,,,,,,,,,,,,,unscoreable_no_test_positives,research_validation
dev|propagation_vulnerability|B+P0_m2c_exposure|seed404,dev,propagation_vulnerability,B+P0_m2c_exposure,404,"LightGBM(binary,lr0.05,leaves31,depth5,seed42)","M2C Model C. Exposure = peer_predicted_stress_mean * borrower_liability_share; both factors already in B, so no new information is expected.",52 features,Platt on validation split only; test labels unused,,,,,,,,,,,,,,,,,,,,unscoreable_no_test_positives,research_validation
dev|propagation_vulnerability|B+P1_liab_channel|seed404,dev,propagation_vulnerability,B+P1_liab_channel,404,"LightGBM(binary,lr0.05,leaves31,depth5,seed42)",Routing peer stress through the CONTRACTUAL liability weight (the generator transmission channel) rather than a wealth share should add information B lacks.,52 features,Platt on validation split only; test labels unused,,,,,,,,,,,,,,,,,,,,unscoreable_no_test_positives,research_validation
dev|propagation_vulnerability|B+P2_concentration|seed404,dev,propagation_vulnerability,B+P2_concentration,404,"LightGBM(binary,lr0.05,leaves31,depth5,seed42)",Mean peer stress cannot distinguish one severe peer from several mild ones; max/count/HHI restore that structure.,54 features,Platt on validation split only; test labels unused,,,,,,,,,,,,,,,,,,,,unscoreable_no_test_positives,research_validation
dev|propagation_vulnerability|B+P3_persistence|seed404,dev,propagation_vulnerability,B+P3_persistence,404,"LightGBM(binary,lr0.05,leaves31,depth5,seed42)",A peer stressed for several consecutive weeks drains the group pot cumulatively; decay and velocity capture duration the contemporaneous mean discards.,53 features,Platt on validation split only; test labels unused,,,,,,,,,,,,,,,,,,,,unscoreable_no_test_positives,research_validation
dev|propagation_vulnerability|B+P4_dest_fragility|seed404,dev,propagation_vulnerability,B+P4_dest_fragility,404,"LightGBM(binary,lr0.05,leaves31,depth5,seed42)",Absolute buffer adequacy (buffer / obligation) measures capacity to absorb a liability call; B only has a RELATIVE wealth share.,53 features,Platt on validation split only; test labels unused,,,,,,,,,,,,,,,,,,,,unscoreable_no_test_positives,research_validation
dev|propagation_vulnerability|B+P5_process|seed404,dev,propagation_vulnerability,B+P5_process,404,"LightGBM(binary,lr0.05,leaves31,depth5,seed42)","Propagation as a process: source stress x contractual channel x persistence x destination vulnerability, in one interpretable scalar.",52 features,Platt on validation split only; test labels unused,,,,,,,,,,,,,,,,,,,,unscoreable_no_test_positives,research_validation
dev|propagation_vulnerability|B+P6_full|seed404,dev,propagation_vulnerability,B+P6_full,404,"LightGBM(binary,lr0.05,leaves31,depth5,seed42)",All research propagation features together; upper bound on what this family can contribute.,61 features,Platt on validation split only; test labels unused,,,,,,,,,,,,,,,,,,,,unscoreable_no_test_positives,research_validation
dev|rt_new_stress|A|seed404,dev,rt_new_stress,A,404,"LightGBM(binary,lr0.05,leaves31,depth5,seed42)",Individual financial features only; no peer/network context. Lower bound.,43 features,Platt on validation split only; test labels unused,31200.0,12800.0,12000.0,52.0,17.0,12.0,1-78,87-118,127-156,43.0,3.0,0.2921666666666667,0.675074379935491,0.2921666666666667,0.675074379935491,0.1333333333333333,0.5,0.0009850653264584,17.0,ok,research_validation
dev|rt_new_stress|B|seed404,dev,rt_new_stress,B,404,"LightGBM(binary,lr0.05,leaves31,depth5,seed42)","Individual + network context (M2C Model B, 51 features). The baseline to beat.",51 features,Platt on validation split only; test labels unused,31200.0,12800.0,12000.0,52.0,17.0,12.0,1-78,87-118,127-156,51.0,3.0,0.258884963244231,0.6787655711266822,0.258884963244231,0.6787655711266822,0.1333333333333333,0.5,0.000984512983491,18.0,ok,research_validation
dev|rt_new_stress|B+P0_m2c_exposure|seed404,dev,rt_new_stress,B+P0_m2c_exposure,404,"LightGBM(binary,lr0.05,leaves31,depth5,seed42)","M2C Model C. Exposure = peer_predicted_stress_mean * borrower_liability_share; both factors already in B, so no new information is expected.",52 features,Platt on validation split only; test labels unused,31200.0,12800.0,12000.0,52.0,17.0,12.0,1-78,87-118,127-156,52.0,21.0,0.1334659129651583,0.6825957902346792,0.1334659129651583,0.6825957902346792,0.0437956204379562,0.5,0.0009789803738842,195.0,ok,research_validation
dev|rt_new_stress|B+P1_liab_channel|seed404,dev,rt_new_stress,B+P1_liab_channel,404,"LightGBM(binary,lr0.05,leaves31,depth5,seed42)",Routing peer stress through the CONTRACTUAL liability weight (the generator transmission channel) rather than a wealth share should add information B lacks.,52 features,Platt on validation split only; test labels unused,31200.0,12800.0,12000.0,52.0,17.0,12.0,1-78,87-118,127-156,52.0,3.0,0.258884963244231,0.6787655711266822,0.258884963244231,0.6787655711266822,0.1333333333333333,0.5,0.000984512983491,18.0,ok,research_validation
dev|rt_new_stress|B+P2_concentration|seed404,dev,rt_new_stress,B+P2_concentration,404,"LightGBM(binary,lr0.05,leaves31,depth5,seed42)",Mean peer stress cannot distinguish one severe peer from several mild ones; max/count/HHI restore that structure.,54 features,Platt on validation split only; test labels unused,31200.0,12800.0,12000.0,52.0,17.0,12.0,1-78,87-118,127-156,54.0,3.0,0.258884963244231,0.6787655711266822,0.258884963244231,0.6787655711266822,0.1333333333333333,0.5,0.000984512983491,18.0,ok,research_validation
dev|rt_new_stress|B+P3_persistence|seed404,dev,rt_new_stress,B+P3_persistence,404,"LightGBM(binary,lr0.05,leaves31,depth5,seed42)",A peer stressed for several consecutive weeks drains the group pot cumulatively; decay and velocity capture duration the contemporaneous mean discards.,53 features,Platt on validation split only; test labels unused,31200.0,12800.0,12000.0,52.0,17.0,12.0,1-78,87-118,127-156,53.0,3.0,0.258884963244231,0.6787655711266822,0.258884963244231,0.6787655711266822,0.1333333333333333,0.5,0.000984512983491,18.0,ok,research_validation
dev|rt_new_stress|B+P4_dest_fragility|seed404,dev,rt_new_stress,B+P4_dest_fragility,404,"LightGBM(binary,lr0.05,leaves31,depth5,seed42)",Absolute buffer adequacy (buffer / obligation) measures capacity to absorb a liability call; B only has a RELATIVE wealth share.,53 features,Platt on validation split only; test labels unused,31200.0,12800.0,12000.0,52.0,17.0,12.0,1-78,87-118,127-156,53.0,3.0,0.258884963244231,0.6787655711266822,0.258884963244231,0.6787655711266822,0.1333333333333333,0.5,0.000984512983491,18.0,ok,research_validation
dev|rt_new_stress|B+P5_process|seed404,dev,rt_new_stress,B+P5_process,404,"LightGBM(binary,lr0.05,leaves31,depth5,seed42)","Propagation as a process: source stress x contractual channel x persistence x destination vulnerability, in one interpretable scalar.",52 features,Platt on validation split only; test labels unused,31200.0,12800.0,12000.0,52.0,17.0,12.0,1-78,87-118,127-156,52.0,3.0,0.258884963244231,0.6787655711266822,0.258884963244231,0.6787655711266822,0.1333333333333333,0.5,0.000984512983491,18.0,ok,research_validation
dev|rt_new_stress|B+P6_full|seed404,dev,rt_new_stress,B+P6_full,404,"LightGBM(binary,lr0.05,leaves31,depth5,seed42)",All research propagation features together; upper bound on what this family can contribute.,61 features,Platt on validation split only; test labels unused,31200.0,12800.0,12000.0,52.0,17.0,12.0,1-78,87-118,127-156,61.0,10.0,0.3210613881904224,0.6572301468134801,0.3210613881904224,0.6572301468134801,0.1333333333333333,0.5,0.0009784513458308,99.0,ok,research_validation
dev|propagation_vulnerability|A|seed505,dev,propagation_vulnerability,A,505,"LightGBM(binary,lr0.05,leaves31,depth5,seed42)",Individual financial features only; no peer/network context. Lower bound.,43 features,Platt on validation split only; test labels unused,,,,,,,,,,,,,,,,,,,,unscoreable_no_test_positives,research_validation
dev|propagation_vulnerability|B|seed505,dev,propagation_vulnerability,B,505,"LightGBM(binary,lr0.05,leaves31,depth5,seed42)","Individual + network context (M2C Model B, 51 features). The baseline to beat.",51 features,Platt on validation split only; test labels unused,,,,,,,,,,,,,,,,,,,,unscoreable_no_test_positives,research_validation
dev|propagation_vulnerability|B+P0_m2c_exposure|seed505,dev,propagation_vulnerability,B+P0_m2c_exposure,505,"LightGBM(binary,lr0.05,leaves31,depth5,seed42)","M2C Model C. Exposure = peer_predicted_stress_mean * borrower_liability_share; both factors already in B, so no new information is expected.",52 features,Platt on validation split only; test labels unused,,,,,,,,,,,,,,,,,,,,unscoreable_no_test_positives,research_validation
dev|propagation_vulnerability|B+P1_liab_channel|seed505,dev,propagation_vulnerability,B+P1_liab_channel,505,"LightGBM(binary,lr0.05,leaves31,depth5,seed42)",Routing peer stress through the CONTRACTUAL liability weight (the generator transmission channel) rather than a wealth share should add information B lacks.,52 features,Platt on validation split only; test labels unused,,,,,,,,,,,,,,,,,,,,unscoreable_no_test_positives,research_validation
dev|propagation_vulnerability|B+P2_concentration|seed505,dev,propagation_vulnerability,B+P2_concentration,505,"LightGBM(binary,lr0.05,leaves31,depth5,seed42)",Mean peer stress cannot distinguish one severe peer from several mild ones; max/count/HHI restore that structure.,54 features,Platt on validation split only; test labels unused,,,,,,,,,,,,,,,,,,,,unscoreable_no_test_positives,research_validation
dev|propagation_vulnerability|B+P3_persistence|seed505,dev,propagation_vulnerability,B+P3_persistence,505,"LightGBM(binary,lr0.05,leaves31,depth5,seed42)",A peer stressed for several consecutive weeks drains the group pot cumulatively; decay and velocity capture duration the contemporaneous mean discards.,53 features,Platt on validation split only; test labels unused,,,,,,,,,,,,,,,,,,,,unscoreable_no_test_positives,research_validation
dev|propagation_vulnerability|B+P4_dest_fragility|seed505,dev,propagation_vulnerability,B+P4_dest_fragility,505,"LightGBM(binary,lr0.05,leaves31,depth5,seed42)",Absolute buffer adequacy (buffer / obligation) measures capacity to absorb a liability call; B only has a RELATIVE wealth share.,53 features,Platt on validation split only; test labels unused,,,,,,,,,,,,,,,,,,,,unscoreable_no_test_positives,research_validation
dev|propagation_vulnerability|B+P5_process|seed505,dev,propagation_vulnerability,B+P5_process,505,"LightGBM(binary,lr0.05,leaves31,depth5,seed42)","Propagation as a process: source stress x contractual channel x persistence x destination vulnerability, in one interpretable scalar.",52 features,Platt on validation split only; test labels unused,,,,,,,,,,,,,,,,,,,,unscoreable_no_test_positives,research_validation
dev|propagation_vulnerability|B+P6_full|seed505,dev,propagation_vulnerability,B+P6_full,505,"LightGBM(binary,lr0.05,leaves31,depth5,seed42)",All research propagation features together; upper bound on what this family can contribute.,61 features,Platt on validation split only; test labels unused,,,,,,,,,,,,,,,,,,,,unscoreable_no_test_positives,research_validation
dev|rt_new_stress|A|seed505,dev,rt_new_stress,A,505,"LightGBM(binary,lr0.05,leaves31,depth5,seed42)",Individual financial features only; no peer/network context. Lower bound.,43 features,Platt on validation split only; test labels unused,31200.0,12800.0,12000.0,56.0,22.0,20.0,1-78,87-118,127-156,43.0,6.0,0.0870292115629343,0.7812938230383972,0.0870292115629343,0.7812938230383972,0.0303030303030303,0.35,0.0016045732641241,61.0,ok,research_validation
dev|rt_new_stress|B|seed505,dev,rt_new_stress,B,505,"LightGBM(binary,lr0.05,leaves31,depth5,seed42)","Individual + network context (M2C Model B, 51 features). The baseline to beat.",51 features,Platt on validation split only; test labels unused,31200.0,12800.0,12000.0,56.0,22.0,20.0,1-78,87-118,127-156,51.0,7.0,0.1053832598006681,0.5454069282136895,0.1053832598006681,0.5454069282136895,0.0051334702258726,0.25,0.0016199406924788,120.0,ok,research_validation
dev|rt_new_stress|B+P0_m2c_exposure|seed505,dev,rt_new_stress,B+P0_m2c_exposure,505,"LightGBM(binary,lr0.05,leaves31,depth5,seed42)","M2C Model C. Exposure = peer_predicted_stress_mean * borrower_liability_share; both factors already in B, so no new information is expected.",52 features,Platt on validation split only; test labels unused,31200.0,12800.0,12000.0,56.0,22.0,20.0,1-78,87-118,127-156,52.0,7.0,0.1053832598006681,0.5454069282136895,0.1053832598006681,0.5454069282136895,0.0051334702258726,0.25,0.0016199406924788,120.0,ok,research_validation
dev|rt_new_stress|B+P1_liab_channel|seed505,dev,rt_new_stress,B+P1_liab_channel,505,"LightGBM(binary,lr0.05,leaves31,depth5,seed42)",Routing peer stress through the CONTRACTUAL liability weight (the generator transmission channel) rather than a wealth share should add information B lacks.,52 features,Platt on validation split only; test labels unused,31200.0,12800.0,12000.0,56.0,22.0,20.0,1-78,87-118,127-156,52.0,7.0,0.1053832598006681,0.5454069282136895,0.1053832598006681,0.5454069282136895,0.0051334702258726,0.25,0.0016199406924788,120.0,ok,research_validation
dev|rt_new_stress|B+P2_concentration|seed505,dev,rt_new_stress,B+P2_concentration,505,"LightGBM(binary,lr0.05,leaves31,depth5,seed42)",Mean peer stress cannot distinguish one severe peer from several mild ones; max/count/HHI restore that structure.,54 features,Platt on validation split only; test labels unused,31200.0,12800.0,12000.0,56.0,22.0,20.0,1-78,87-118,127-156,54.0,7.0,0.1053832598006681,0.5454069282136895,0.1053832598006681,0.5454069282136895,0.0051334702258726,0.25,0.0016199406924788,120.0,ok,research_validation
dev|rt_new_stress|B+P3_persistence|seed505,dev,rt_new_stress,B+P3_persistence,505,"LightGBM(binary,lr0.05,leaves31,depth5,seed42)",A peer stressed for several consecutive weeks drains the group pot cumulatively; decay and velocity capture duration the contemporaneous mean discards.,53 features,Platt on validation split only; test labels unused,31200.0,12800.0,12000.0,56.0,22.0,20.0,1-78,87-118,127-156,53.0,7.0,0.1053832598006681,0.5454069282136895,0.1053832598006681,0.5454069282136895,0.0051334702258726,0.25,0.0016199406924788,120.0,ok,research_validation
dev|rt_new_stress|B+P4_dest_fragility|seed505,dev,rt_new_stress,B+P4_dest_fragility,505,"LightGBM(binary,lr0.05,leaves31,depth5,seed42)",Absolute buffer adequacy (buffer / obligation) measures capacity to absorb a liability call; B only has a RELATIVE wealth share.,53 features,Platt on validation split only; test labels unused,31200.0,12800.0,12000.0,56.0,22.0,20.0,1-78,87-118,127-156,53.0,3.0,0.0544899198130253,0.6599540901502503,0.0544899198130253,0.6599540901502503,0.0061919504643962,0.2,0.00166135220327,45.0,ok,research_validation
dev|rt_new_stress|B+P5_process|seed505,dev,rt_new_stress,B+P5_process,505,"LightGBM(binary,lr0.05,leaves31,depth5,seed42)","Propagation as a process: source stress x contractual channel x persistence x destination vulnerability, in one interpretable scalar.",52 features,Platt on validation split only; test labels unused,31200.0,12800.0,12000.0,56.0,22.0,20.0,1-78,87-118,127-156,52.0,7.0,0.1053832598006681,0.5454069282136895,0.1053832598006681,0.5454069282136895,0.0051334702258726,0.25,0.0016199406924788,120.0,ok,research_validation
dev|rt_new_stress|B+P6_full|seed505,dev,rt_new_stress,B+P6_full,505,"LightGBM(binary,lr0.05,leaves31,depth5,seed42)",All research propagation features together; upper bound on what this family can contribute.,61 features,Platt on validation split only; test labels unused,31200.0,12800.0,12000.0,56.0,22.0,20.0,1-78,87-118,127-156,61.0,9.0,0.1050824832464014,0.5219052587646077,0.1050824832464014,0.5219052587646077,0.0086393088552915,0.2,0.001608473516716,85.0,ok,research_validation
dev|propagation_vulnerability|A|seed606,dev,propagation_vulnerability,A,606,"LightGBM(binary,lr0.05,leaves31,depth5,seed42)",Individual financial features only; no peer/network context. Lower bound.,43 features,Platt on validation split only; test labels unused,31200.0,12800.0,12000.0,17.0,0.0,3.0,1-78,87-118,127-156,43.0,200.0,0.0109324142052852,0.4854269122836264,0.0109324142052852,0.4854269122836264,0.0,0.0,0.0026180813342312,825.0,ok,research_validation
dev|propagation_vulnerability|B|seed606,dev,propagation_vulnerability,B,606,"LightGBM(binary,lr0.05,leaves31,depth5,seed42)","Individual + network context (M2C Model B, 51 features). The baseline to beat.",51 features,Platt on validation split only; test labels unused,31200.0,12800.0,12000.0,17.0,0.0,3.0,1-78,87-118,127-156,51.0,200.0,0.0273784839727405,0.9941652079686588,0.0273784839727405,0.9941652079686588,0.0,0.0,0.004143521965014,847.0,ok,research_validation
dev|propagation_vulnerability|B+P0_m2c_exposure|seed606,dev,propagation_vulnerability,B+P0_m2c_exposure,606,"LightGBM(binary,lr0.05,leaves31,depth5,seed42)","M2C Model C. Exposure = peer_predicted_stress_mean * borrower_liability_share; both factors already in B, so no new information is expected.",52 features,Platt on validation split only; test labels unused,31200.0,12800.0,12000.0,17.0,0.0,3.0,1-78,87-118,127-156,52.0,200.0,0.0354843304843304,0.9893028812758744,0.0354843304843304,0.9893028812758744,0.0,0.0,0.0002507987334125,789.0,ok,research_validation
dev|propagation_vulnerability|B+P1_liab_channel|seed606,dev,propagation_vulnerability,B+P1_liab_channel,606,"LightGBM(binary,lr0.05,leaves31,depth5,seed42)",Routing peer stress through the CONTRACTUAL liability weight (the generator transmission channel) rather than a wealth share should add information B lacks.,52 features,Platt on validation split only; test labels unused,31200.0,12800.0,12000.0,17.0,0.0,3.0,1-78,87-118,127-156,52.0,200.0,0.0037829470501458,0.9537662193326109,0.0037829470501458,0.9537662193326109,0.0,0.0,0.0038077289789682,653.0,ok,research_validation
dev|propagation_vulnerability|B+P2_concentration|seed606,dev,propagation_vulnerability,B+P2_concentration,606,"LightGBM(binary,lr0.05,leaves31,depth5,seed42)",Mean peer stress cannot distinguish one severe peer from several mild ones; max/count/HHI restore that structure.,54 features,Platt on validation split only; test labels unused,31200.0,12800.0,12000.0,17.0,0.0,3.0,1-78,87-118,127-156,54.0,200.0,0.0001908572433317,0.1293378900280625,0.0001908572433317,0.1293378900280625,0.0,0.0,0.0094166720555494,834.0,ok,research_validation
dev|propagation_vulnerability|B+P3_persistence|seed606,dev,propagation_vulnerability,B+P3_persistence,606,"LightGBM(binary,lr0.05,leaves31,depth5,seed42)",A peer stressed for several consecutive weeks drains the group pot cumulatively; decay and velocity capture duration the contemporaneous mean discards.,53 features,Platt on validation split only; test labels unused,31200.0,12800.0,12000.0,17.0,0.0,3.0,1-78,87-118,127-156,53.0,200.0,0.0114411593134997,0.972632046900614,0.0114411593134997,0.972632046900614,0.0204081632653061,0.3333333333333333,0.0035772261123795,722.0,ok,research_validation
dev|propagation_vulnerability|B+P4_dest_fragility|seed606,dev,propagation_vulnerability,B+P4_dest_fragility,606,"LightGBM(binary,lr0.05,leaves31,depth5,seed42)",Absolute buffer adequacy (buffer / obligation) measures capacity to absorb a liability call; B only has a RELATIVE wealth share.,53 features,Platt on validation split only; test labels unused,31200.0,12800.0,12000.0,17.0,0.0,3.0,1-78,87-118,127-156,53.0,200.0,0.2307692307692307,0.9995832291406184,0.2307692307692307,0.9995832291406184,0.073170731707317,1.0,0.0024243660493607,835.0,ok,research_validation
dev|propagation_vulnerability|B+P5_process|seed606,dev,propagation_vulnerability,B+P5_process,606,"LightGBM(binary,lr0.05,leaves31,depth5,seed42)","Propagation as a process: source stress x contractual channel x persistence x destination vulnerability, in one interpretable scalar.",52 features,Platt on validation split only; test labels unused,31200.0,12800.0,12000.0,17.0,0.0,3.0,1-78,87-118,127-156,52.0,200.0,0.0006942788772915,0.7011197243755382,0.0006942788772915,0.7011197243755382,0.0,0.0,0.0026376066733604,899.0,ok,research_validation
dev|propagation_vulnerability|B+P6_full|seed606,dev,propagation_vulnerability,B+P6_full,606,"LightGBM(binary,lr0.05,leaves31,depth5,seed42)",All research propagation features together; upper bound on what this family can contribute.,61 features,Platt on validation split only; test labels unused,31200.0,12800.0,12000.0,17.0,0.0,3.0,1-78,87-118,127-156,61.0,200.0,0.0018106778649771,0.9041704870662112,0.0018106778649771,0.9041704870662112,0.0,0.0,0.0065327479447645,1651.0,ok,research_validation
dev|rt_new_stress|A|seed606,dev,rt_new_stress,A,606,"LightGBM(binary,lr0.05,leaves31,depth5,seed42)",Individual financial features only; no peer/network context. Lower bound.,43 features,Platt on validation split only; test labels unused,31200.0,12800.0,12000.0,68.0,24.0,15.0,1-78,87-118,127-156,43.0,9.0,0.1263816836937105,0.7135808649701015,0.1263816836937105,0.7135808649701014,0.1578947368421052,0.2,0.0012020391695692,35.0,ok,research_validation
dev|rt_new_stress|B|seed606,dev,rt_new_stress,B,606,"LightGBM(binary,lr0.05,leaves31,depth5,seed42)","Individual + network context (M2C Model B, 51 features). The baseline to beat.",51 features,Platt on validation split only; test labels unused,31200.0,12800.0,12000.0,68.0,24.0,15.0,1-78,87-118,127-156,51.0,3.0,0.1572238110652018,0.6970769016826589,0.1572238110652018,0.6970769016826589,0.0416666666666666,0.2,0.0012323353953597,42.0,ok,research_validation
dev|rt_new_stress|B+P0_m2c_exposure|seed606,dev,rt_new_stress,B+P0_m2c_exposure,606,"LightGBM(binary,lr0.05,leaves31,depth5,seed42)","M2C Model C. Exposure = peer_predicted_stress_mean * borrower_liability_share; both factors already in B, so no new information is expected.",52 features,Platt on validation split only; test labels unused,31200.0,12800.0,12000.0,68.0,24.0,15.0,1-78,87-118,127-156,52.0,3.0,0.1572238110652018,0.6970769016826589,0.1572238110652018,0.6970769016826589,0.0416666666666666,0.2,0.0012323353953597,42.0,ok,research_validation
dev|rt_new_stress|B+P1_liab_channel|seed606,dev,rt_new_stress,B+P1_liab_channel,606,"LightGBM(binary,lr0.05,leaves31,depth5,seed42)",Routing peer stress through the CONTRACTUAL liability weight (the generator transmission channel) rather than a wealth share should add information B lacks.,52 features,Platt on validation split only; test labels unused,31200.0,12800.0,12000.0,68.0,24.0,15.0,1-78,87-118,127-156,52.0,19.0,0.1941360413604875,0.7127965512446114,0.1941360413604875,0.7127965512446114,0.0384615384615384,0.4,0.0012318236225277,156.0,ok,research_validation
dev|rt_new_stress|B+P2_concentration|seed606,dev,rt_new_stress,B+P2_concentration,606,"LightGBM(binary,lr0.05,leaves31,depth5,seed42)",Mean peer stress cannot distinguish one severe peer from several mild ones; max/count/HHI restore that structure.,54 features,Platt on validation split only; test labels unused,31200.0,12800.0,12000.0,68.0,24.0,15.0,1-78,87-118,127-156,54.0,4.0,0.1669937065253395,0.6719399249061326,0.1669937065253395,0.6719399249061326,0.0416666666666666,0.2,0.0012295453030136,49.0,ok,research_validation
dev|rt_new_stress|B+P3_persistence|seed606,dev,rt_new_stress,B+P3_persistence,606,"LightGBM(binary,lr0.05,leaves31,depth5,seed42)",A peer stressed for several consecutive weeks drains the group pot cumulatively; decay and velocity capture duration the contemporaneous mean discards.,53 features,Platt on validation split only; test labels unused,31200.0,12800.0,12000.0,68.0,24.0,15.0,1-78,87-118,127-156,53.0,3.0,0.1572238110652018,0.6970769016826589,0.1572238110652018,0.697076901682659,0.0416666666666666,0.2,0.0012323353953597,43.0,ok,research_validation
dev|rt_new_stress|B+P4_dest_fragility|seed606,dev,rt_new_stress,B+P4_dest_fragility,606,"LightGBM(binary,lr0.05,leaves31,depth5,seed42)",Absolute buffer adequacy (buffer / obligation) measures capacity to absorb a liability call; B only has a RELATIVE wealth share.,53 features,Platt on validation split only; test labels unused,31200.0,12800.0,12000.0,68.0,24.0,15.0,1-78,87-118,127-156,53.0,3.0,0.1572238110652018,0.6970769016826589,0.1572238110652018,0.6970769016826589,0.0416666666666666,0.2,0.0012323353953597,42.0,ok,research_validation
dev|rt_new_stress|B+P5_process|seed606,dev,rt_new_stress,B+P5_process,606,"LightGBM(binary,lr0.05,leaves31,depth5,seed42)","Propagation as a process: source stress x contractual channel x persistence x destination vulnerability, in one interpretable scalar.",52 features,Platt on validation split only; test labels unused,31200.0,12800.0,12000.0,68.0,24.0,15.0,1-78,87-118,127-156,52.0,61.0,0.1271863282932288,0.8714170490891392,0.1271863282932288,0.8714170490891392,0.0566037735849056,0.2,0.0012181391989087,353.0,ok,research_validation
dev|rt_new_stress|B+P6_full|seed606,dev,rt_new_stress,B+P6_full,606,"LightGBM(binary,lr0.05,leaves31,depth5,seed42)",All research propagation features together; upper bound on what this family can contribute.,61 features,Platt on validation split only; test labels unused,31200.0,12800.0,12000.0,68.0,24.0,15.0,1-78,87-118,127-156,61.0,29.0,0.1590095550893821,0.7626811291892645,0.1590095550893821,0.7626811291892645,0.073170731707317,0.4,0.0012299836721981,383.0,ok,research_validation
dev|propagation_vulnerability|A|seed707,dev,propagation_vulnerability,A,707,"LightGBM(binary,lr0.05,leaves31,depth5,seed42)",Individual financial features only; no peer/network context. Lower bound.,43 features,Platt on validation split only; test labels unused,,,,,,,,,,,,,,,,,,,,unscoreable_no_test_positives,research_validation
dev|propagation_vulnerability|B|seed707,dev,propagation_vulnerability,B,707,"LightGBM(binary,lr0.05,leaves31,depth5,seed42)","Individual + network context (M2C Model B, 51 features). The baseline to beat.",51 features,Platt on validation split only; test labels unused,,,,,,,,,,,,,,,,,,,,unscoreable_no_test_positives,research_validation
dev|propagation_vulnerability|B+P0_m2c_exposure|seed707,dev,propagation_vulnerability,B+P0_m2c_exposure,707,"LightGBM(binary,lr0.05,leaves31,depth5,seed42)","M2C Model C. Exposure = peer_predicted_stress_mean * borrower_liability_share; both factors already in B, so no new information is expected.",52 features,Platt on validation split only; test labels unused,,,,,,,,,,,,,,,,,,,,unscoreable_no_test_positives,research_validation
dev|propagation_vulnerability|B+P1_liab_channel|seed707,dev,propagation_vulnerability,B+P1_liab_channel,707,"LightGBM(binary,lr0.05,leaves31,depth5,seed42)",Routing peer stress through the CONTRACTUAL liability weight (the generator transmission channel) rather than a wealth share should add information B lacks.,52 features,Platt on validation split only; test labels unused,,,,,,,,,,,,,,,,,,,,unscoreable_no_test_positives,research_validation
dev|propagation_vulnerability|B+P2_concentration|seed707,dev,propagation_vulnerability,B+P2_concentration,707,"LightGBM(binary,lr0.05,leaves31,depth5,seed42)",Mean peer stress cannot distinguish one severe peer from several mild ones; max/count/HHI restore that structure.,54 features,Platt on validation split only; test labels unused,,,,,,,,,,,,,,,,,,,,unscoreable_no_test_positives,research_validation
dev|propagation_vulnerability|B+P3_persistence|seed707,dev,propagation_vulnerability,B+P3_persistence,707,"LightGBM(binary,lr0.05,leaves31,depth5,seed42)",A peer stressed for several consecutive weeks drains the group pot cumulatively; decay and velocity capture duration the contemporaneous mean discards.,53 features,Platt on validation split only; test labels unused,,,,,,,,,,,,,,,,,,,,unscoreable_no_test_positives,research_validation
dev|propagation_vulnerability|B+P4_dest_fragility|seed707,dev,propagation_vulnerability,B+P4_dest_fragility,707,"LightGBM(binary,lr0.05,leaves31,depth5,seed42)",Absolute buffer adequacy (buffer / obligation) measures capacity to absorb a liability call; B only has a RELATIVE wealth share.,53 features,Platt on validation split only; test labels unused,,,,,,,,,,,,,,,,,,,,unscoreable_no_test_positives,research_validation
dev|propagation_vulnerability|B+P5_process|seed707,dev,propagation_vulnerability,B+P5_process,707,"LightGBM(binary,lr0.05,leaves31,depth5,seed42)","Propagation as a process: source stress x contractual channel x persistence x destination vulnerability, in one interpretable scalar.",52 features,Platt on validation split only; test labels unused,,,,,,,,,,,,,,,,,,,,unscoreable_no_test_positives,research_validation
dev|propagation_vulnerability|B+P6_full|seed707,dev,propagation_vulnerability,B+P6_full,707,"LightGBM(binary,lr0.05,leaves31,depth5,seed42)",All research propagation features together; upper bound on what this family can contribute.,61 features,Platt on validation split only; test labels unused,,,,,,,,,,,,,,,,,,,,unscoreable_no_test_positives,research_validation
dev|rt_new_stress|A|seed707,dev,rt_new_stress,A,707,"LightGBM(binary,lr0.05,leaves31,depth5,seed42)",Individual financial features only; no peer/network context. Lower bound.,43 features,Platt on validation split only; test labels unused,31200.0,12800.0,12000.0,54.0,26.0,12.0,1-78,87-118,127-156,43.0,20.0,0.1882706980180827,0.4980605605605606,0.1882706980180827,0.4980605605605606,0.1304347826086956,0.25,0.0009935066525258,108.0,ok,research_validation
dev|rt_new_stress|B|seed707,dev,rt_new_stress,B,707,"LightGBM(binary,lr0.05,leaves31,depth5,seed42)","Individual + network context (M2C Model B, 51 features). The baseline to beat.",51 features,Platt on validation split only; test labels unused,31200.0,12800.0,12000.0,54.0,26.0,12.0,1-78,87-118,127-156,51.0,27.0,0.0689631878418378,0.498998998998999,0.0689631878418378,0.498998998998999,0.1111111111111111,0.25,0.0009904298648415,113.0,ok,research_validation
dev|rt_new_stress|B+P0_m2c_exposure|seed707,dev,rt_new_stress,B+P0_m2c_exposure,707,"LightGBM(binary,lr0.05,leaves31,depth5,seed42)","M2C Model C. Exposure = peer_predicted_stress_mean * borrower_liability_share; both factors already in B, so no new information is expected.",52 features,Platt on validation split only; test labels unused,31200.0,12800.0,12000.0,54.0,26.0,12.0,1-78,87-118,127-156,52.0,39.0,0.1078890736886148,0.4578432599265932,0.1078890736886148,0.4578432599265932,0.0526315789473684,0.25,0.0009686869963225,183.0,ok,research_validation
dev|rt_new_stress|B+P1_liab_channel|seed707,dev,rt_new_stress,B+P1_liab_channel,707,"LightGBM(binary,lr0.05,leaves31,depth5,seed42)",Routing peer stress through the CONTRACTUAL liability weight (the generator transmission channel) rather than a wealth share should add information B lacks.,52 features,Platt on validation split only; test labels unused,31200.0,12800.0,12000.0,54.0,26.0,12.0,1-78,87-118,127-156,52.0,27.0,0.0689618924119714,0.4979562896229563,0.0689618924119714,0.4979562896229563,0.1111111111111111,0.25,0.0009903639835567,114.0,ok,research_validation
dev|rt_new_stress|B+P2_concentration|seed707,dev,rt_new_stress,B+P2_concentration,707,"LightGBM(binary,lr0.05,leaves31,depth5,seed42)",Mean peer stress cannot distinguish one severe peer from several mild ones; max/count/HHI restore that structure.,54 features,Platt on validation split only; test labels unused,31200.0,12800.0,12000.0,54.0,26.0,12.0,1-78,87-118,127-156,54.0,30.0,0.0689314351745438,0.4772480814147481,0.0689314351745438,0.4772480814147481,0.1111111111111111,0.25,0.0009852828613964,125.0,ok,research_validation
dev|rt_new_stress|B+P3_persistence|seed707,dev,rt_new_stress,B+P3_persistence,707,"LightGBM(binary,lr0.05,leaves31,depth5,seed42)",A peer stressed for several consecutive weeks drains the group pot cumulatively; decay and velocity capture duration the contemporaneous mean discards.,53 features,Platt on validation split only; test labels unused,31200.0,12800.0,12000.0,54.0,26.0,12.0,1-78,87-118,127-156,53.0,70.0,0.2105275970214564,0.7273349738627516,0.2105275970214564,0.7273349738627516,0.2727272727272727,0.25,0.000974424987843,856.0,ok,research_validation
dev|rt_new_stress|B+P4_dest_fragility|seed707,dev,rt_new_stress,B+P4_dest_fragility,707,"LightGBM(binary,lr0.05,leaves31,depth5,seed42)",Absolute buffer adequacy (buffer / obligation) measures capacity to absorb a liability call; B only has a RELATIVE wealth share.,53 features,Platt on validation split only; test labels unused,31200.0,12800.0,12000.0,54.0,26.0,12.0,1-78,87-118,127-156,53.0,30.0,0.0689510156071235,0.4900316983650317,0.0689510156071235,0.4900316983650317,0.1111111111111111,0.25,0.0009851660336584,117.0,ok,research_validation
dev|rt_new_stress|B+P5_process|seed707,dev,rt_new_stress,B+P5_process,707,"LightGBM(binary,lr0.05,leaves31,depth5,seed42)","Propagation as a process: source stress x contractual channel x persistence x destination vulnerability, in one interpretable scalar.",52 features,Platt on validation split only; test labels unused,31200.0,12800.0,12000.0,54.0,26.0,12.0,1-78,87-118,127-156,52.0,27.0,0.0608216053156246,0.8181619119119119,0.0608216053156246,0.8181619119119119,0.1071428571428571,0.25,0.0009942662625893,81.0,ok,research_validation
dev|rt_new_stress|B+P6_full|seed707,dev,rt_new_stress,B+P6_full,707,"LightGBM(binary,lr0.05,leaves31,depth5,seed42)",All research propagation features together; upper bound on what this family can contribute.,61 features,Platt on validation split only; test labels unused,31200.0,12800.0,12000.0,54.0,26.0,12.0,1-78,87-118,127-156,61.0,19.0,0.201121341106461,0.7660542486931375,0.201121341106461,0.7660542486931375,0.2142857142857142,0.25,0.0009777916446441,66.0,ok,research_validation
dev|propagation_vulnerability|A|seed808,dev,propagation_vulnerability,A,808,"LightGBM(binary,lr0.05,leaves31,depth5,seed42)",Individual financial features only; no peer/network context. Lower bound.,43 features,Platt on validation split only; test labels unused,,,,,,,,,,,,,,,,,,,,unscoreable_no_test_positives,research_validation
dev|propagation_vulnerability|B|seed808,dev,propagation_vulnerability,B,808,"LightGBM(binary,lr0.05,leaves31,depth5,seed42)","Individual + network context (M2C Model B, 51 features). The baseline to beat.",51 features,Platt on validation split only; test labels unused,,,,,,,,,,,,,,,,,,,,unscoreable_no_test_positives,research_validation
dev|propagation_vulnerability|B+P0_m2c_exposure|seed808,dev,propagation_vulnerability,B+P0_m2c_exposure,808,"LightGBM(binary,lr0.05,leaves31,depth5,seed42)","M2C Model C. Exposure = peer_predicted_stress_mean * borrower_liability_share; both factors already in B, so no new information is expected.",52 features,Platt on validation split only; test labels unused,,,,,,,,,,,,,,,,,,,,unscoreable_no_test_positives,research_validation
dev|propagation_vulnerability|B+P1_liab_channel|seed808,dev,propagation_vulnerability,B+P1_liab_channel,808,"LightGBM(binary,lr0.05,leaves31,depth5,seed42)",Routing peer stress through the CONTRACTUAL liability weight (the generator transmission channel) rather than a wealth share should add information B lacks.,52 features,Platt on validation split only; test labels unused,,,,,,,,,,,,,,,,,,,,unscoreable_no_test_positives,research_validation
dev|propagation_vulnerability|B+P2_concentration|seed808,dev,propagation_vulnerability,B+P2_concentration,808,"LightGBM(binary,lr0.05,leaves31,depth5,seed42)",Mean peer stress cannot distinguish one severe peer from several mild ones; max/count/HHI restore that structure.,54 features,Platt on validation split only; test labels unused,,,,,,,,,,,,,,,,,,,,unscoreable_no_test_positives,research_validation
dev|propagation_vulnerability|B+P3_persistence|seed808,dev,propagation_vulnerability,B+P3_persistence,808,"LightGBM(binary,lr0.05,leaves31,depth5,seed42)",A peer stressed for several consecutive weeks drains the group pot cumulatively; decay and velocity capture duration the contemporaneous mean discards.,53 features,Platt on validation split only; test labels unused,,,,,,,,,,,,,,,,,,,,unscoreable_no_test_positives,research_validation
dev|propagation_vulnerability|B+P4_dest_fragility|seed808,dev,propagation_vulnerability,B+P4_dest_fragility,808,"LightGBM(binary,lr0.05,leaves31,depth5,seed42)",Absolute buffer adequacy (buffer / obligation) measures capacity to absorb a liability call; B only has a RELATIVE wealth share.,53 features,Platt on validation split only; test labels unused,,,,,,,,,,,,,,,,,,,,unscoreable_no_test_positives,research_validation
dev|propagation_vulnerability|B+P5_process|seed808,dev,propagation_vulnerability,B+P5_process,808,"LightGBM(binary,lr0.05,leaves31,depth5,seed42)","Propagation as a process: source stress x contractual channel x persistence x destination vulnerability, in one interpretable scalar.",52 features,Platt on validation split only; test labels unused,,,,,,,,,,,,,,,,,,,,unscoreable_no_test_positives,research_validation
dev|propagation_vulnerability|B+P6_full|seed808,dev,propagation_vulnerability,B+P6_full,808,"LightGBM(binary,lr0.05,leaves31,depth5,seed42)",All research propagation features together; upper bound on what this family can contribute.,61 features,Platt on validation split only; test labels unused,,,,,,,,,,,,,,,,,,,,unscoreable_no_test_positives,research_validation
dev|rt_new_stress|A|seed808,dev,rt_new_stress,A,808,"LightGBM(binary,lr0.05,leaves31,depth5,seed42)",Individual financial features only; no peer/network context. Lower bound.,43 features,Platt on validation split only; test labels unused,31200.0,12800.0,12000.0,30.0,12.0,20.0,1-78,87-118,127-156,43.0,1.0,0.1210711416584843,0.7173121869782971,0.1210711416584843,0.7173121869782971,0.2580645161290322,0.4,0.0016522625901684,8.0,ok,research_validation
dev|rt_new_stress|B|seed808,dev,rt_new_stress,B,808,"LightGBM(binary,lr0.05,leaves31,depth5,seed42)","Individual + network context (M2C Model B, 51 features). The baseline to beat.",51 features,Platt on validation split only; test labels unused,31200.0,12800.0,12000.0,30.0,12.0,20.0,1-78,87-118,127-156,51.0,8.0,0.0693031323276284,0.6642821368948246,0.0693031323276284,0.6642821368948247,0.1320754716981132,0.35,0.0016642383031327,77.0,ok,research_validation
dev|rt_new_stress|B+P0_m2c_exposure|seed808,dev,rt_new_stress,B+P0_m2c_exposure,808,"LightGBM(binary,lr0.05,leaves31,depth5,seed42)","M2C Model C. Exposure = peer_predicted_stress_mean * borrower_liability_share; both factors already in B, so no new information is expected.",52 features,Platt on validation split only; test labels unused,31200.0,12800.0,12000.0,30.0,12.0,20.0,1-78,87-118,127-156,52.0,8.0,0.0693031323276284,0.6642821368948246,0.0693031323276284,0.6642821368948247,0.1320754716981132,0.35,0.0016642383031327,77.0,ok,research_validation
dev|rt_new_stress|B+P1_liab_channel|seed808,dev,rt_new_stress,B+P1_liab_channel,808,"LightGBM(binary,lr0.05,leaves31,depth5,seed42)",Routing peer stress through the CONTRACTUAL liability weight (the generator transmission channel) rather than a wealth share should add information B lacks.,52 features,Platt on validation split only; test labels unused,31200.0,12800.0,12000.0,30.0,12.0,20.0,1-78,87-118,127-156,52.0,8.0,0.0693031323276284,0.6642821368948246,0.0693031323276284,0.6642821368948247,0.1320754716981132,0.35,0.0016642383031327,77.0,ok,research_validation
dev|rt_new_stress|B+P2_concentration|seed808,dev,rt_new_stress,B+P2_concentration,808,"LightGBM(binary,lr0.05,leaves31,depth5,seed42)",Mean peer stress cannot distinguish one severe peer from several mild ones; max/count/HHI restore that structure.,54 features,Platt on validation split only; test labels unused,31200.0,12800.0,12000.0,30.0,12.0,20.0,1-78,87-118,127-156,54.0,8.0,0.0693031323276284,0.6642821368948246,0.0693031323276284,0.6642821368948247,0.1320754716981132,0.35,0.0016642383031327,77.0,ok,research_validation
dev|rt_new_stress|B+P3_persistence|seed808,dev,rt_new_stress,B+P3_persistence,808,"LightGBM(binary,lr0.05,leaves31,depth5,seed42)",A peer stressed for several consecutive weeks drains the group pot cumulatively; decay and velocity capture duration the contemporaneous mean discards.,53 features,Platt on validation split only; test labels unused,31200.0,12800.0,12000.0,30.0,12.0,20.0,1-78,87-118,127-156,53.0,8.0,0.0693031323276284,0.6642821368948246,0.0693031323276284,0.6642821368948247,0.1320754716981132,0.35,0.0016642383031327,77.0,ok,research_validation
dev|rt_new_stress|B+P4_dest_fragility|seed808,dev,rt_new_stress,B+P4_dest_fragility,808,"LightGBM(binary,lr0.05,leaves31,depth5,seed42)",Absolute buffer adequacy (buffer / obligation) measures capacity to absorb a liability call; B only has a RELATIVE wealth share.,53 features,Platt on validation split only; test labels unused,31200.0,12800.0,12000.0,30.0,12.0,20.0,1-78,87-118,127-156,53.0,8.0,0.0693031323276284,0.6642821368948246,0.0693031323276284,0.6642821368948247,0.1320754716981132,0.35,0.0016642383031453,77.0,ok,research_validation
dev|rt_new_stress|B+P5_process|seed808,dev,rt_new_stress,B+P5_process,808,"LightGBM(binary,lr0.05,leaves31,depth5,seed42)","Propagation as a process: source stress x contractual channel x persistence x destination vulnerability, in one interpretable scalar.",52 features,Platt on validation split only; test labels unused,31200.0,12800.0,12000.0,30.0,12.0,20.0,1-78,87-118,127-156,52.0,8.0,0.0693031323276284,0.6642821368948246,0.0693031323276284,0.6642821368948247,0.1320754716981132,0.35,0.0016642383031327,77.0,ok,research_validation
dev|rt_new_stress|B+P6_full|seed808,dev,rt_new_stress,B+P6_full,808,"LightGBM(binary,lr0.05,leaves31,depth5,seed42)",All research propagation features together; upper bound on what this family can contribute.,61 features,Platt on validation split only; test labels unused,31200.0,12800.0,12000.0,30.0,12.0,20.0,1-78,87-118,127-156,61.0,1.0,0.0979038599146262,0.7210141903171954,0.0979038599146262,0.7210141903171954,0.2580645161290322,0.4,0.0016508559350417,7.0,ok,research_validation
dev|propagation_vulnerability|A|seed909,dev,propagation_vulnerability,A,909,"LightGBM(binary,lr0.05,leaves31,depth5,seed42)",Individual financial features only; no peer/network context. Lower bound.,43 features,Platt on validation split only; test labels unused,31200.0,12800.0,12000.0,19.0,4.0,8.0,1-78,87-118,127-156,43.0,1.0,0.3206521739130434,0.9918018262174784,0.31275,0.8103996414276184,0.2083333333333333,0.625,0.0006659547842212,6.0,ok,research_validation
dev|propagation_vulnerability|B|seed909,dev,propagation_vulnerability,B,909,"LightGBM(binary,lr0.05,leaves31,depth5,seed42)","Individual + network context (M2C Model B, 51 features). The baseline to beat.",51 features,Platt on validation split only; test labels unused,31200.0,12800.0,12000.0,19.0,4.0,8.0,1-78,87-118,127-156,51.0,1.0,0.3129073872895165,0.7730309789859907,0.31275,0.7005451551034023,0.0209205020920502,0.625,0.0006659781323162,7.0,ok,research_validation
dev|propagation_vulnerability|B+P0_m2c_exposure|seed909,dev,propagation_vulnerability,B+P0_m2c_exposure,909,"LightGBM(binary,lr0.05,leaves31,depth5,seed42)","M2C Model C. Exposure = peer_predicted_stress_mean * borrower_liability_share; both factors already in B, so no new information is expected.",52 features,Platt on validation split only; test labels unused,31200.0,12800.0,12000.0,19.0,4.0,8.0,1-78,87-118,127-156,52.0,1.0,0.3129073872895165,0.7730309789859907,0.31275,0.7005451551034023,0.0209205020920502,0.625,0.0006659781323162,7.0,ok,research_validation
dev|propagation_vulnerability|B+P1_liab_channel|seed909,dev,propagation_vulnerability,B+P1_liab_channel,909,"LightGBM(binary,lr0.05,leaves31,depth5,seed42)",Routing peer stress through the CONTRACTUAL liability weight (the generator transmission channel) rather than a wealth share should add information B lacks.,52 features,Platt on validation split only; test labels unused,31200.0,12800.0,12000.0,19.0,4.0,8.0,1-78,87-118,127-156,52.0,1.0,0.3129073872895165,0.7730309789859907,0.31275,0.7005451551034023,0.0209205020920502,0.625,0.0006659781323162,7.0,ok,research_validation
dev|propagation_vulnerability|B+P2_concentration|seed909,dev,propagation_vulnerability,B+P2_concentration,909,"LightGBM(binary,lr0.05,leaves31,depth5,seed42)",Mean peer stress cannot distinguish one severe peer from several mild ones; max/count/HHI restore that structure.,54 features,Platt on validation split only; test labels unused,31200.0,12800.0,12000.0,19.0,4.0,8.0,1-78,87-118,127-156,54.0,1.0,0.3129073872895165,0.7730309789859907,0.31275,0.7005451551034023,0.0209205020920502,0.625,0.0006659781323162,7.0,ok,research_validation
dev|propagation_vulnerability|B+P3_persistence|seed909,dev,propagation_vulnerability,B+P3_persistence,909,"LightGBM(binary,lr0.05,leaves31,depth5,seed42)",A peer stressed for several consecutive weeks drains the group pot cumulatively; decay and velocity capture duration the contemporaneous mean discards.,53 features,Platt on validation split only; test labels unused,31200.0,12800.0,12000.0,19.0,4.0,8.0,1-78,87-118,127-156,53.0,1.0,0.3128996802557953,0.7685905186791193,0.31275,0.701717811874583,0.0304878048780487,0.625,0.0006659689301405,8.0,ok,research_validation
dev|propagation_vulnerability|B+P4_dest_fragility|seed909,dev,propagation_vulnerability,B+P4_dest_fragility,909,"LightGBM(binary,lr0.05,leaves31,depth5,seed42)",Absolute buffer adequacy (buffer / obligation) measures capacity to absorb a liability call; B only has a RELATIVE wealth share.,53 features,Platt on validation split only; test labels unused,31200.0,12800.0,12000.0,19.0,4.0,8.0,1-78,87-118,127-156,53.0,1.0,0.3129073872895165,0.7730309789859907,0.31275,0.7005451551034023,0.0209205020920502,0.625,0.0006659781323162,7.0,ok,research_validation
dev|propagation_vulnerability|B+P5_process|seed909,dev,propagation_vulnerability,B+P5_process,909,"LightGBM(binary,lr0.05,leaves31,depth5,seed42)","Propagation as a process: source stress x contractual channel x persistence x destination vulnerability, in one interpretable scalar.",52 features,Platt on validation split only; test labels unused,31200.0,12800.0,12000.0,19.0,4.0,8.0,1-78,87-118,127-156,52.0,1.0,0.3129073872895165,0.7730309789859907,0.31275,0.7005451551034023,0.0209205020920502,0.625,0.0006659781323162,7.0,ok,research_validation
dev|propagation_vulnerability|B+P6_full|seed909,dev,propagation_vulnerability,B+P6_full,909,"LightGBM(binary,lr0.05,leaves31,depth5,seed42)",All research propagation features together; upper bound on what this family can contribute.,61 features,Platt on validation split only; test labels unused,31200.0,12800.0,12000.0,19.0,4.0,8.0,1-78,87-118,127-156,61.0,1.0,0.31275,0.7074091060707138,0.31275,0.7108019929953302,0.0069060773480662,0.625,0.0006659792772845,7.0,ok,research_validation
dev|rt_new_stress|A|seed909,dev,rt_new_stress,A,909,"LightGBM(binary,lr0.05,leaves31,depth5,seed42)",Individual financial features only; no peer/network context. Lower bound.,43 features,Platt on validation split only; test labels unused,31200.0,12800.0,12000.0,60.0,24.0,28.0,1-78,87-118,127-156,43.0,1.0,0.1395094032229656,0.5959441076798244,0.1395094032229656,0.5959441076798244,0.4166666666666667,0.3571428571428571,0.0022380145387674,5.0,ok,research_validation
dev|rt_new_stress|B|seed909,dev,rt_new_stress,B,909,"LightGBM(binary,lr0.05,leaves31,depth5,seed42)","Individual + network context (M2C Model B, 51 features). The baseline to beat.",51 features,Platt on validation split only; test labels unused,31200.0,12800.0,12000.0,60.0,24.0,28.0,1-78,87-118,127-156,51.0,4.0,0.2540916732100891,0.5661528685981576,0.2540916732100891,0.5661528685981576,0.4166666666666667,0.3571428571428571,0.002306535697522,55.0,ok,research_validation
dev|rt_new_stress|B+P0_m2c_exposure|seed909,dev,rt_new_stress,B+P0_m2c_exposure,909,"LightGBM(binary,lr0.05,leaves31,depth5,seed42)","M2C Model C. Exposure = peer_predicted_stress_mean * borrower_liability_share; both factors already in B, so no new information is expected.",52 features,Platt on validation split only; test labels unused,31200.0,12800.0,12000.0,60.0,24.0,28.0,1-78,87-118,127-156,52.0,16.0,0.3626908374550675,0.6972340222423751,0.3626908374550675,0.6972340222423751,0.4166666666666667,0.3571428571428571,0.0022750249135046,140.0,ok,research_validation
dev|rt_new_stress|B+P1_liab_channel|seed909,dev,rt_new_stress,B+P1_liab_channel,909,"LightGBM(binary,lr0.05,leaves31,depth5,seed42)",Routing peer stress through the CONTRACTUAL liability weight (the generator transmission channel) rather than a wealth share should add information B lacks.,52 features,Platt on validation split only; test labels unused,31200.0,12800.0,12000.0,60.0,24.0,28.0,1-78,87-118,127-156,52.0,14.0,0.3569999854302972,0.6496825927163381,0.3569999854302972,0.6496825927163381,0.4166666666666667,0.3571428571428571,0.0022755867962659,167.0,ok,research_validation
dev|rt_new_stress|B+P2_concentration|seed909,dev,rt_new_stress,B+P2_concentration,909,"LightGBM(binary,lr0.05,leaves31,depth5,seed42)",Mean peer stress cannot distinguish one severe peer from several mild ones; max/count/HHI restore that structure.,54 features,Platt on validation split only; test labels unused,31200.0,12800.0,12000.0,60.0,24.0,28.0,1-78,87-118,127-156,54.0,4.0,0.2540916732100891,0.5661528685981576,0.2540916732100891,0.5661528685981576,0.4166666666666667,0.3571428571428571,0.002306536215466,54.0,ok,research_validation
dev|rt_new_stress|B+P3_persistence|seed909,dev,rt_new_stress,B+P3_persistence,909,"LightGBM(binary,lr0.05,leaves31,depth5,seed42)",A peer stressed for several consecutive weeks drains the group pot cumulatively; decay and velocity capture duration the contemporaneous mean discards.,53 features,Platt on validation split only; test labels unused,31200.0,12800.0,12000.0,60.0,24.0,28.0,1-78,87-118,127-156,53.0,4.0,0.2540916732100891,0.5661513770225765,0.2540916732100891,0.5661513770225765,0.4166666666666667,0.3571428571428571,0.0023066495962592,56.0,ok,research_validation
dev|rt_new_stress|B+P4_dest_fragility|seed909,dev,rt_new_stress,B+P4_dest_fragility,909,"LightGBM(binary,lr0.05,leaves31,depth5,seed42)",Absolute buffer adequacy (buffer / obligation) measures capacity to absorb a liability call; B only has a RELATIVE wealth share.,53 features,Platt on validation split only; test labels unused,31200.0,12800.0,12000.0,60.0,24.0,28.0,1-78,87-118,127-156,53.0,4.0,0.1979166733526403,0.563866283232304,0.1979166733526403,0.563866283232304,0.4166666666666667,0.3571428571428571,0.0023053778908226,51.0,ok,research_validation
dev|rt_new_stress|B+P5_process|seed909,dev,rt_new_stress,B+P5_process,909,"LightGBM(binary,lr0.05,leaves31,depth5,seed42)","Propagation as a process: source stress x contractual channel x persistence x destination vulnerability, in one interpretable scalar.",52 features,Platt on validation split only; test labels unused,31200.0,12800.0,12000.0,60.0,24.0,28.0,1-78,87-118,127-156,52.0,4.0,0.2540916732100891,0.5661528685981576,0.2540916732100891,0.5661528685981576,0.4166666666666667,0.3571428571428571,0.002306535697522,55.0,ok,research_validation
dev|rt_new_stress|B+P6_full|seed909,dev,rt_new_stress,B+P6_full,909,"LightGBM(binary,lr0.05,leaves31,depth5,seed42)",All research propagation features together; upper bound on what this family can contribute.,61 features,Platt on validation split only; test labels unused,31200.0,12800.0,12000.0,60.0,24.0,28.0,1-78,87-118,127-156,61.0,2.0,0.1563898078118335,0.6063627631139326,0.1563898078118335,0.6063627631139326,0.4166666666666667,0.3571428571428571,0.0023098191597565,18.0,ok,research_validation
holdout|propagation_vulnerability|A|seed1201,holdout,propagation_vulnerability,A,1201,"LightGBM(binary,lr0.05,leaves31,depth5,seed42)",Individual financial features only; no peer/network context. Lower bound.,43 features,Platt on validation split only; test labels unused,,,,,,,,,,,,,,,,,,,,unscoreable_no_test_positives,research_holdout
holdout|propagation_vulnerability|B|seed1201,holdout,propagation_vulnerability,B,1201,"LightGBM(binary,lr0.05,leaves31,depth5,seed42)","Individual + network context (M2C Model B, 51 features). The baseline to beat.",51 features,Platt on validation split only; test labels unused,,,,,,,,,,,,,,,,,,,,unscoreable_no_test_positives,research_holdout
holdout|propagation_vulnerability|B+P0_m2c_exposure|seed1201,holdout,propagation_vulnerability,B+P0_m2c_exposure,1201,"LightGBM(binary,lr0.05,leaves31,depth5,seed42)","M2C Model C. Exposure = peer_predicted_stress_mean * borrower_liability_share; both factors already in B, so no new information is expected.",52 features,Platt on validation split only; test labels unused,,,,,,,,,,,,,,,,,,,,unscoreable_no_test_positives,research_holdout
holdout|propagation_vulnerability|B+P1_liab_channel|seed1201,holdout,propagation_vulnerability,B+P1_liab_channel,1201,"LightGBM(binary,lr0.05,leaves31,depth5,seed42)",Routing peer stress through the CONTRACTUAL liability weight (the generator transmission channel) rather than a wealth share should add information B lacks.,52 features,Platt on validation split only; test labels unused,,,,,,,,,,,,,,,,,,,,unscoreable_no_test_positives,research_holdout
holdout|propagation_vulnerability|B+P2_concentration|seed1201,holdout,propagation_vulnerability,B+P2_concentration,1201,"LightGBM(binary,lr0.05,leaves31,depth5,seed42)",Mean peer stress cannot distinguish one severe peer from several mild ones; max/count/HHI restore that structure.,54 features,Platt on validation split only; test labels unused,,,,,,,,,,,,,,,,,,,,unscoreable_no_test_positives,research_holdout
holdout|propagation_vulnerability|B+P3_persistence|seed1201,holdout,propagation_vulnerability,B+P3_persistence,1201,"LightGBM(binary,lr0.05,leaves31,depth5,seed42)",A peer stressed for several consecutive weeks drains the group pot cumulatively; decay and velocity capture duration the contemporaneous mean discards.,53 features,Platt on validation split only; test labels unused,,,,,,,,,,,,,,,,,,,,unscoreable_no_test_positives,research_holdout
holdout|propagation_vulnerability|B+P4_dest_fragility|seed1201,holdout,propagation_vulnerability,B+P4_dest_fragility,1201,"LightGBM(binary,lr0.05,leaves31,depth5,seed42)",Absolute buffer adequacy (buffer / obligation) measures capacity to absorb a liability call; B only has a RELATIVE wealth share.,53 features,Platt on validation split only; test labels unused,,,,,,,,,,,,,,,,,,,,unscoreable_no_test_positives,research_holdout
holdout|propagation_vulnerability|B+P5_process|seed1201,holdout,propagation_vulnerability,B+P5_process,1201,"LightGBM(binary,lr0.05,leaves31,depth5,seed42)","Propagation as a process: source stress x contractual channel x persistence x destination vulnerability, in one interpretable scalar.",52 features,Platt on validation split only; test labels unused,,,,,,,,,,,,,,,,,,,,unscoreable_no_test_positives,research_holdout
holdout|propagation_vulnerability|B+P6_full|seed1201,holdout,propagation_vulnerability,B+P6_full,1201,"LightGBM(binary,lr0.05,leaves31,depth5,seed42)",All research propagation features together; upper bound on what this family can contribute.,61 features,Platt on validation split only; test labels unused,,,,,,,,,,,,,,,,,,,,unscoreable_no_test_positives,research_holdout
holdout|rt_new_stress|A|seed1201,holdout,rt_new_stress,A,1201,"LightGBM(binary,lr0.05,leaves31,depth5,seed42)",Individual financial features only; no peer/network context. Lower bound.,43 features,Platt on validation split only; test labels unused,31200.0,12800.0,12000.0,70.0,5.0,20.0,1-78,87-118,127-156,43.0,1.0,0.1882645259938838,0.7775730383973289,0.1882645259938838,0.7775730383973289,0.3333333333333333,0.15,0.0016652465246798,6.0,ok,research_holdout
holdout|rt_new_stress|B|seed1201,holdout,rt_new_stress,B,1201,"LightGBM(binary,lr0.05,leaves31,depth5,seed42)","Individual + network context (M2C Model B, 51 features). The baseline to beat.",51 features,Platt on validation split only; test labels unused,31200.0,12800.0,12000.0,70.0,5.0,20.0,1-78,87-118,127-156,51.0,1.0,0.1886385709877377,0.8176085141903171,0.1886385709877377,0.8176085141903171,0.3333333333333333,0.15,0.0016652466923858,6.0,ok,research_holdout
holdout|rt_new_stress|B+P0_m2c_exposure|seed1201,holdout,rt_new_stress,B+P0_m2c_exposure,1201,"LightGBM(binary,lr0.05,leaves31,depth5,seed42)","M2C Model C. Exposure = peer_predicted_stress_mean * borrower_liability_share; both factors already in B, so no new information is expected.",52 features,Platt on validation split only; test labels unused,31200.0,12800.0,12000.0,70.0,5.0,20.0,1-78,87-118,127-156,52.0,1.0,0.1886385709877377,0.8176085141903171,0.1886385709877377,0.8176085141903171,0.3333333333333333,0.15,0.0016652466923858,6.0,ok,research_holdout
holdout|rt_new_stress|B+P1_liab_channel|seed1201,holdout,rt_new_stress,B+P1_liab_channel,1201,"LightGBM(binary,lr0.05,leaves31,depth5,seed42)",Routing peer stress through the CONTRACTUAL liability weight (the generator transmission channel) rather than a wealth share should add information B lacks.,52 features,Platt on validation split only; test labels unused,31200.0,12800.0,12000.0,70.0,5.0,20.0,1-78,87-118,127-156,52.0,1.0,0.1886385709877377,0.8176085141903171,0.1886385709877377,0.8176085141903171,0.3333333333333333,0.15,0.0016652466923858,6.0,ok,research_holdout
holdout|rt_new_stress|B+P2_concentration|seed1201,holdout,rt_new_stress,B+P2_concentration,1201,"LightGBM(binary,lr0.05,leaves31,depth5,seed42)",Mean peer stress cannot distinguish one severe peer from several mild ones; max/count/HHI restore that structure.,54 features,Platt on validation split only; test labels unused,31200.0,12800.0,12000.0,70.0,5.0,20.0,1-78,87-118,127-156,54.0,1.0,0.1886385709877377,0.8176085141903171,0.1886385709877377,0.8176085141903171,0.3333333333333333,0.15,0.0016652466923858,6.0,ok,research_holdout
holdout|rt_new_stress|B+P3_persistence|seed1201,holdout,rt_new_stress,B+P3_persistence,1201,"LightGBM(binary,lr0.05,leaves31,depth5,seed42)",A peer stressed for several consecutive weeks drains the group pot cumulatively; decay and velocity capture duration the contemporaneous mean discards.,53 features,Platt on validation split only; test labels unused,31200.0,12800.0,12000.0,70.0,5.0,20.0,1-78,87-118,127-156,53.0,1.0,0.1886385709877377,0.8176085141903171,0.1886385709877377,0.8176085141903171,0.3333333333333333,0.15,0.0016652466923858,6.0,ok,research_holdout
holdout|rt_new_stress|B+P4_dest_fragility|seed1201,holdout,rt_new_stress,B+P4_dest_fragility,1201,"LightGBM(binary,lr0.05,leaves31,depth5,seed42)",Absolute buffer adequacy (buffer / obligation) measures capacity to absorb a liability call; B only has a RELATIVE wealth share.,53 features,Platt on validation split only; test labels unused,31200.0,12800.0,12000.0,70.0,5.0,20.0,1-78,87-118,127-156,53.0,1.0,0.1886385709877377,0.8176085141903171,0.1886385709877377,0.8176085141903171,0.3333333333333333,0.15,0.0016652466923858,6.0,ok,research_holdout
holdout|rt_new_stress|B+P5_process|seed1201,holdout,rt_new_stress,B+P5_process,1201,"LightGBM(binary,lr0.05,leaves31,depth5,seed42)","Propagation as a process: source stress x contractual channel x persistence x destination vulnerability, in one interpretable scalar.",52 features,Platt on validation split only; test labels unused,31200.0,12800.0,12000.0,70.0,5.0,20.0,1-78,87-118,127-156,52.0,1.0,0.1886385709877377,0.8176085141903171,0.1886385709877377,0.8176085141903171,0.3333333333333333,0.15,0.0016652468209844,6.0,ok,research_holdout
holdout|rt_new_stress|B+P6_full|seed1201,holdout,rt_new_stress,B+P6_full,1201,"LightGBM(binary,lr0.05,leaves31,depth5,seed42)",All research propagation features together; upper bound on what this family can contribute.,61 features,Platt on validation split only; test labels unused,31200.0,12800.0,12000.0,70.0,5.0,20.0,1-78,87-118,127-156,61.0,1.0,0.1886385709877377,0.8176085141903171,0.1886385709877377,0.8176085141903171,0.3333333333333333,0.15,0.0016652468209844,6.0,ok,research_holdout
holdout|propagation_vulnerability|A|seed1302,holdout,propagation_vulnerability,A,1302,"LightGBM(binary,lr0.05,leaves31,depth5,seed42)",Individual financial features only; no peer/network context. Lower bound.,43 features,Platt on validation split only; test labels unused,,,,,,,,,,,,,,,,,,,,unscoreable_no_test_positives,research_holdout
holdout|propagation_vulnerability|B|seed1302,holdout,propagation_vulnerability,B,1302,"LightGBM(binary,lr0.05,leaves31,depth5,seed42)","Individual + network context (M2C Model B, 51 features). The baseline to beat.",51 features,Platt on validation split only; test labels unused,,,,,,,,,,,,,,,,,,,,unscoreable_no_test_positives,research_holdout
holdout|propagation_vulnerability|B+P0_m2c_exposure|seed1302,holdout,propagation_vulnerability,B+P0_m2c_exposure,1302,"LightGBM(binary,lr0.05,leaves31,depth5,seed42)","M2C Model C. Exposure = peer_predicted_stress_mean * borrower_liability_share; both factors already in B, so no new information is expected.",52 features,Platt on validation split only; test labels unused,,,,,,,,,,,,,,,,,,,,unscoreable_no_test_positives,research_holdout
holdout|propagation_vulnerability|B+P1_liab_channel|seed1302,holdout,propagation_vulnerability,B+P1_liab_channel,1302,"LightGBM(binary,lr0.05,leaves31,depth5,seed42)",Routing peer stress through the CONTRACTUAL liability weight (the generator transmission channel) rather than a wealth share should add information B lacks.,52 features,Platt on validation split only; test labels unused,,,,,,,,,,,,,,,,,,,,unscoreable_no_test_positives,research_holdout
holdout|propagation_vulnerability|B+P2_concentration|seed1302,holdout,propagation_vulnerability,B+P2_concentration,1302,"LightGBM(binary,lr0.05,leaves31,depth5,seed42)",Mean peer stress cannot distinguish one severe peer from several mild ones; max/count/HHI restore that structure.,54 features,Platt on validation split only; test labels unused,,,,,,,,,,,,,,,,,,,,unscoreable_no_test_positives,research_holdout
holdout|propagation_vulnerability|B+P3_persistence|seed1302,holdout,propagation_vulnerability,B+P3_persistence,1302,"LightGBM(binary,lr0.05,leaves31,depth5,seed42)",A peer stressed for several consecutive weeks drains the group pot cumulatively; decay and velocity capture duration the contemporaneous mean discards.,53 features,Platt on validation split only; test labels unused,,,,,,,,,,,,,,,,,,,,unscoreable_no_test_positives,research_holdout
holdout|propagation_vulnerability|B+P4_dest_fragility|seed1302,holdout,propagation_vulnerability,B+P4_dest_fragility,1302,"LightGBM(binary,lr0.05,leaves31,depth5,seed42)",Absolute buffer adequacy (buffer / obligation) measures capacity to absorb a liability call; B only has a RELATIVE wealth share.,53 features,Platt on validation split only; test labels unused,,,,,,,,,,,,,,,,,,,,unscoreable_no_test_positives,research_holdout
holdout|propagation_vulnerability|B+P5_process|seed1302,holdout,propagation_vulnerability,B+P5_process,1302,"LightGBM(binary,lr0.05,leaves31,depth5,seed42)","Propagation as a process: source stress x contractual channel x persistence x destination vulnerability, in one interpretable scalar.",52 features,Platt on validation split only; test labels unused,,,,,,,,,,,,,,,,,,,,unscoreable_no_test_positives,research_holdout
holdout|propagation_vulnerability|B+P6_full|seed1302,holdout,propagation_vulnerability,B+P6_full,1302,"LightGBM(binary,lr0.05,leaves31,depth5,seed42)",All research propagation features together; upper bound on what this family can contribute.,61 features,Platt on validation split only; test labels unused,,,,,,,,,,,,,,,,,,,,unscoreable_no_test_positives,research_holdout
holdout|rt_new_stress|A|seed1302,holdout,rt_new_stress,A,1302,"LightGBM(binary,lr0.05,leaves31,depth5,seed42)",Individual financial features only; no peer/network context. Lower bound.,43 features,Platt on validation split only; test labels unused,31200.0,12800.0,12000.0,68.0,22.0,16.0,1-78,87-118,127-156,43.0,2.0,0.0539065470731652,0.681033044058745,0.0539065470731652,0.681033044058745,0.1666666666666666,0.25,0.0012740136257712,14.0,ok,research_holdout
holdout|rt_new_stress|B|seed1302,holdout,rt_new_stress,B,1302,"LightGBM(binary,lr0.05,leaves31,depth5,seed42)","Individual + network context (M2C Model B, 51 features). The baseline to beat.",51 features,Platt on validation split only; test labels unused,31200.0,12800.0,12000.0,68.0,22.0,16.0,1-78,87-118,127-156,51.0,146.0,0.2512027204851417,0.5402150784379172,0.2512027204851417,0.5402150784379172,0.0677966101694915,0.25,0.0012164090882661,1177.0,ok,research_holdout
holdout|rt_new_stress|B+P0_m2c_exposure|seed1302,holdout,rt_new_stress,B+P0_m2c_exposure,1302,"LightGBM(binary,lr0.05,leaves31,depth5,seed42)","M2C Model C. Exposure = peer_predicted_stress_mean * borrower_liability_share; both factors already in B, so no new information is expected.",52 features,Platt on validation split only; test labels unused,31200.0,12800.0,12000.0,68.0,22.0,16.0,1-78,87-118,127-156,52.0,20.0,0.2514016580963233,0.5858775241989319,0.2514016580963233,0.5858775241989319,0.0118694362017804,0.25,0.0012241454080931,228.0,ok,research_holdout
holdout|rt_new_stress|B+P1_liab_channel|seed1302,holdout,rt_new_stress,B+P1_liab_channel,1302,"LightGBM(binary,lr0.05,leaves31,depth5,seed42)",Routing peer stress through the CONTRACTUAL liability weight (the generator transmission channel) rather than a wealth share should add information B lacks.,52 features,Platt on validation split only; test labels unused,31200.0,12800.0,12000.0,68.0,22.0,16.0,1-78,87-118,127-156,52.0,66.0,0.2510623804614911,0.4940441421895861,0.2510623804614911,0.4940441421895861,0.0869565217391304,0.25,0.0011904222150697,841.0,ok,research_holdout
holdout|rt_new_stress|B+P2_concentration|seed1302,holdout,rt_new_stress,B+P2_concentration,1302,"LightGBM(binary,lr0.05,leaves31,depth5,seed42)",Mean peer stress cannot distinguish one severe peer from several mild ones; max/count/HHI restore that structure.,54 features,Platt on validation split only; test labels unused,31200.0,12800.0,12000.0,68.0,22.0,16.0,1-78,87-118,127-156,54.0,154.0,0.2512222785572207,0.5496391021361816,0.2512222785572207,0.5496391021361816,0.3333333333333333,0.25,0.0012107745531183,1024.0,ok,research_holdout
holdout|rt_new_stress|B+P3_persistence|seed1302,holdout,rt_new_stress,B+P3_persistence,1302,"LightGBM(binary,lr0.05,leaves31,depth5,seed42)",A peer stressed for several consecutive weeks drains the group pot cumulatively; decay and velocity capture duration the contemporaneous mean discards.,53 features,Platt on validation split only; test labels unused,31200.0,12800.0,12000.0,68.0,22.0,16.0,1-78,87-118,127-156,53.0,28.0,0.2510577364069504,0.5064982476635513,0.2510577364069504,0.5064982476635513,0.0300751879699248,0.25,0.0012232374307009,299.0,ok,research_holdout
holdout|rt_new_stress|B+P4_dest_fragility|seed1302,holdout,rt_new_stress,B+P4_dest_fragility,1302,"LightGBM(binary,lr0.05,leaves31,depth5,seed42)",Absolute buffer adequacy (buffer / obligation) measures capacity to absorb a liability call; B only has a RELATIVE wealth share.,53 features,Platt on validation split only; test labels unused,31200.0,12800.0,12000.0,68.0,22.0,16.0,1-78,87-118,127-156,53.0,38.0,0.2511710542491375,0.5509872538384513,0.2511710542491375,0.5509872538384513,0.0118694362017804,0.25,0.0012265481622315,445.0,ok,research_holdout
holdout|rt_new_stress|B+P5_process|seed1302,holdout,rt_new_stress,B+P5_process,1302,"LightGBM(binary,lr0.05,leaves31,depth5,seed42)","Propagation as a process: source stress x contractual channel x persistence x destination vulnerability, in one interpretable scalar.",52 features,Platt on validation split only; test labels unused,31200.0,12800.0,12000.0,68.0,22.0,16.0,1-78,87-118,127-156,52.0,43.0,0.2513031005202848,0.5835775826101469,0.2513031005202848,0.5835775826101469,0.2105263157894736,0.25,0.0012018814866301,323.0,ok,research_holdout
holdout|rt_new_stress|B+P6_full|seed1302,holdout,rt_new_stress,B+P6_full,1302,"LightGBM(binary,lr0.05,leaves31,depth5,seed42)",All research propagation features together; upper bound on what this family can contribute.,61 features,Platt on validation split only; test labels unused,31200.0,12800.0,12000.0,68.0,22.0,16.0,1-78,87-118,127-156,61.0,28.0,0.2512536446845824,0.5549143649866489,0.2512536446845824,0.5549143649866489,0.0816326530612244,0.25,0.0012359024464183,183.0,ok,research_holdout
holdout|propagation_vulnerability|A|seed1403,holdout,propagation_vulnerability,A,1403,"LightGBM(binary,lr0.05,leaves31,depth5,seed42)",Individual financial features only; no peer/network context. Lower bound.,43 features,Platt on validation split only; test labels unused,31200.0,12800.0,12000.0,4.0,4.0,1.0,1-78,87-118,127-156,43.0,6.0,8.333333333333333e-05,0.0045837153096091,0.0066225165562913,0.9937494791232604,0.0,0.0,8.343432003850815e-05,11.0,ok,research_holdout
holdout|propagation_vulnerability|B|seed1403,holdout,propagation_vulnerability,B,1403,"LightGBM(binary,lr0.05,leaves31,depth5,seed42)","Individual + network context (M2C Model B, 51 features). The baseline to beat.",51 features,Platt on validation split only; test labels unused,31200.0,12800.0,12000.0,4.0,4.0,1.0,1-78,87-118,127-156,51.0,20.0,8.333333333333333e-05,0.004250354196183,8.333333333333333e-05,0.0605467122260188,0.0,0.0,8.343038144813987e-05,52.0,ok,research_holdout
holdout|propagation_vulnerability|B+P0_m2c_exposure|seed1403,holdout,propagation_vulnerability,B+P0_m2c_exposure,1403,"LightGBM(binary,lr0.05,leaves31,depth5,seed42)","M2C Model C. Exposure = peer_predicted_stress_mean * borrower_liability_share; both factors already in B, so no new information is expected.",52 features,Platt on validation split only; test labels unused,31200.0,12800.0,12000.0,4.0,4.0,1.0,1-78,87-118,127-156,52.0,1.0,0.0136986301369863,0.9969997499791649,0.0136986301369863,0.9969997499791649,0.0126582278481012,1.0,8.340573039980324e-05,4.0,ok,research_holdout
holdout|propagation_vulnerability|B+P1_liab_channel|seed1403,holdout,propagation_vulnerability,B+P1_liab_channel,1403,"LightGBM(binary,lr0.05,leaves31,depth5,seed42)",Routing peer stress through the CONTRACTUAL liability weight (the generator transmission channel) rather than a wealth share should add information B lacks.,52 features,Platt on validation split only; test labels unused,31200.0,12800.0,12000.0,4.0,4.0,1.0,1-78,87-118,127-156,52.0,13.0,8.471704506946798e-05,0.0164180348362363,0.0019646365422396,0.9788315692974414,0.0,0.0,8.343431951684513e-05,26.0,ok,research_holdout
holdout|propagation_vulnerability|B+P2_concentration|seed1403,holdout,propagation_vulnerability,B+P2_concentration,1403,"LightGBM(binary,lr0.05,leaves31,depth5,seed42)",Mean peer stress cannot distinguish one severe peer from several mild ones; max/count/HHI restore that structure.,54 features,Platt on validation split only; test labels unused,31200.0,12800.0,12000.0,4.0,4.0,1.0,1-78,87-118,127-156,54.0,20.0,8.333333333333333e-05,0.004250354196183,8.333333333333333e-05,0.0605467122260188,0.0,0.0,8.343038144813987e-05,52.0,ok,research_holdout
holdout|propagation_vulnerability|B+P3_persistence|seed1403,holdout,propagation_vulnerability,B+P3_persistence,1403,"LightGBM(binary,lr0.05,leaves31,depth5,seed42)",A peer stressed for several consecutive weeks drains the group pot cumulatively; decay and velocity capture duration the contemporaneous mean discards.,53 features,Platt on validation split only; test labels unused,31200.0,12800.0,12000.0,4.0,4.0,1.0,1-78,87-118,127-156,53.0,1.0,0.0136986301369863,0.9969997499791649,0.0136986301369863,0.9969997499791649,0.0126582278481012,1.0,8.340573039980324e-05,4.0,ok,research_holdout
holdout|propagation_vulnerability|B+P4_dest_fragility|seed1403,holdout,propagation_vulnerability,B+P4_dest_fragility,1403,"LightGBM(binary,lr0.05,leaves31,depth5,seed42)",Absolute buffer adequacy (buffer / obligation) measures capacity to absorb a liability call; B only has a RELATIVE wealth share.,53 features,Platt on validation split only; test labels unused,31200.0,12800.0,12000.0,4.0,4.0,1.0,1-78,87-118,127-156,53.0,21.0,8.333333333333333e-05,0.0060838403200266,8.333333333333333e-05,0.0616718059838319,0.0,0.0,8.335962965061572e-05,51.0,ok,research_holdout
holdout|propagation_vulnerability|B+P5_process|seed1403,holdout,propagation_vulnerability,B+P5_process,1403,"LightGBM(binary,lr0.05,leaves31,depth5,seed42)","Propagation as a process: source stress x contractual channel x persistence x destination vulnerability, in one interpretable scalar.",52 features,Platt on validation split only; test labels unused,31200.0,12800.0,12000.0,4.0,4.0,1.0,1-78,87-118,127-156,52.0,1.0,8.333333333333333e-05,0.4953746145512126,8.333333333333333e-05,0.4984165347112259,0.0,0.0,8.343036121451937e-05,3.0,ok,research_holdout
holdout|propagation_vulnerability|B+P6_full|seed1403,holdout,propagation_vulnerability,B+P6_full,1403,"LightGBM(binary,lr0.05,leaves31,depth5,seed42)",All research propagation features together; upper bound on what this family can contribute.,61 features,Platt on validation split only; test labels unused,31200.0,12800.0,12000.0,4.0,4.0,1.0,1-78,87-118,127-156,61.0,5.0,8.42034355001684e-05,0.4996249687473956,8.42034355001684e-05,0.5003750312526043,0.0,0.0,8.343094119168089e-05,7.0,ok,research_holdout
holdout|rt_new_stress|A|seed1403,holdout,rt_new_stress,A,1403,"LightGBM(binary,lr0.05,leaves31,depth5,seed42)",Individual financial features only; no peer/network context. Lower bound.,43 features,Platt on validation split only; test labels unused,31200.0,12800.0,12000.0,46.0,22.0,20.0,1-78,87-118,127-156,43.0,33.0,0.1655604351389408,0.8049040066777963,0.1655604351389408,0.8049040066777963,0.0203045685279187,0.2,0.0016545908883994,527.0,ok,research_holdout
holdout|rt_new_stress|B|seed1403,holdout,rt_new_stress,B,1403,"LightGBM(binary,lr0.05,leaves31,depth5,seed42)","Individual + network context (M2C Model B, 51 features). The baseline to beat.",51 features,Platt on validation split only; test labels unused,31200.0,12800.0,12000.0,46.0,22.0,20.0,1-78,87-118,127-156,51.0,37.0,0.1927642856804879,0.8956907345575961,0.1927642856804879,0.8956907345575961,0.0471204188481675,0.45,0.0016406997698072,418.0,ok,research_holdout
holdout|rt_new_stress|B+P0_m2c_exposure|seed1403,holdout,rt_new_stress,B+P0_m2c_exposure,1403,"LightGBM(binary,lr0.05,leaves31,depth5,seed42)","M2C Model C. Exposure = peer_predicted_stress_mean * borrower_liability_share; both factors already in B, so no new information is expected.",52 features,Platt on validation split only; test labels unused,31200.0,12800.0,12000.0,46.0,22.0,20.0,1-78,87-118,127-156,52.0,43.0,0.1813749593911569,0.8542883973288815,0.1813749593911569,0.8542883973288815,0.0272108843537414,0.2,0.0016404842815858,529.0,ok,research_holdout
holdout|rt_new_stress|B+P1_liab_channel|seed1403,holdout,rt_new_stress,B+P1_liab_channel,1403,"LightGBM(binary,lr0.05,leaves31,depth5,seed42)",Routing peer stress through the CONTRACTUAL liability weight (the generator transmission channel) rather than a wealth share should add information B lacks.,52 features,Platt on validation split only; test labels unused,31200.0,12800.0,12000.0,46.0,22.0,20.0,1-78,87-118,127-156,52.0,64.0,0.1603188334710483,0.8608722871452421,0.1603188334710483,0.8608722871452421,0.0219780219780219,0.2,0.0016491307653225,735.0,ok,research_holdout
holdout|rt_new_stress|B+P2_concentration|seed1403,holdout,rt_new_stress,B+P2_concentration,1403,"LightGBM(binary,lr0.05,leaves31,depth5,seed42)",Mean peer stress cannot distinguish one severe peer from several mild ones; max/count/HHI restore that structure.,54 features,Platt on validation split only; test labels unused,31200.0,12800.0,12000.0,46.0,22.0,20.0,1-78,87-118,127-156,54.0,1.0,0.1053201246832331,0.8897767111853088,0.1053201246832331,0.8897767111853088,0.1168831168831168,0.45,0.0016400530544841,7.0,ok,research_holdout
holdout|rt_new_stress|B+P3_persistence|seed1403,holdout,rt_new_stress,B+P3_persistence,1403,"LightGBM(binary,lr0.05,leaves31,depth5,seed42)",A peer stressed for several consecutive weeks drains the group pot cumulatively; decay and velocity capture duration the contemporaneous mean discards.,53 features,Platt on validation split only; test labels unused,31200.0,12800.0,12000.0,46.0,22.0,20.0,1-78,87-118,127-156,53.0,20.0,0.1781733983655752,0.8305446577629383,0.1781733983655752,0.8305446577629383,0.0413223140495867,0.5,0.0016438805799674,416.0,ok,research_holdout
holdout|rt_new_stress|B+P4_dest_fragility|seed1403,holdout,rt_new_stress,B+P4_dest_fragility,1403,"LightGBM(binary,lr0.05,leaves31,depth5,seed42)",Absolute buffer adequacy (buffer / obligation) measures capacity to absorb a liability call; B only has a RELATIVE wealth share.,53 features,Platt on validation split only; test labels unused,31200.0,12800.0,12000.0,46.0,22.0,20.0,1-78,87-118,127-156,53.0,13.0,0.1952905658240677,0.8387938230383973,0.1952905658240677,0.8387938230383973,0.0315457413249211,0.5,0.0016520415400119,278.0,ok,research_holdout
holdout|rt_new_stress|B+P5_process|seed1403,holdout,rt_new_stress,B+P5_process,1403,"LightGBM(binary,lr0.05,leaves31,depth5,seed42)","Propagation as a process: source stress x contractual channel x persistence x destination vulnerability, in one interpretable scalar.",52 features,Platt on validation split only; test labels unused,31200.0,12800.0,12000.0,46.0,22.0,20.0,1-78,87-118,127-156,52.0,18.0,0.1919648323423899,0.8622767111853089,0.1919648323423899,0.8622767111853089,0.0386904761904761,0.65,0.001650253187198,293.0,ok,research_holdout
holdout|rt_new_stress|B+P6_full|seed1403,holdout,rt_new_stress,B+P6_full,1403,"LightGBM(binary,lr0.05,leaves31,depth5,seed42)",All research propagation features together; upper bound on what this family can contribute.,61 features,Platt on validation split only; test labels unused,31200.0,12800.0,12000.0,46.0,22.0,20.0,1-78,87-118,127-156,61.0,18.0,0.1563276251251073,0.8130968280467444,0.1563276251251073,0.8130968280467444,0.0125786163522012,0.2,0.0016463396935152,349.0,ok,research_holdout
holdout|propagation_vulnerability|A|seed1504,holdout,propagation_vulnerability,A,1504,"LightGBM(binary,lr0.05,leaves31,depth5,seed42)",Individual financial features only; no peer/network context. Lower bound.,43 features,Platt on validation split only; test labels unused,31200.0,12800.0,12000.0,22.0,8.0,8.0,1-78,87-118,127-156,43.0,1.0,0.0006666666666666,0.4509673115410273,0.000668616798997,0.501459306204136,0.0,0.0,0.0006662222781282,7.0,ok,research_holdout
holdout|propagation_vulnerability|B|seed1504,holdout,propagation_vulnerability,B,1504,"LightGBM(binary,lr0.05,leaves31,depth5,seed42)","Individual + network context (M2C Model B, 51 features). The baseline to beat.",51 features,Platt on validation split only; test labels unused,31200.0,12800.0,12000.0,22.0,8.0,8.0,1-78,87-118,127-156,51.0,10.0,0.4386363636363636,0.999515301867912,0.4386363636363636,0.999515301867912,0.1739130434782608,1.0,0.0005599861664261,109.0,ok,research_holdout
holdout|propagation_vulnerability|B+P0_m2c_exposure|seed1504,holdout,propagation_vulnerability,B+P0_m2c_exposure,1504,"LightGBM(binary,lr0.05,leaves31,depth5,seed42)","M2C Model C. Exposure = peer_predicted_stress_mean * borrower_liability_share; both factors already in B, so no new information is expected.",52 features,Platt on validation split only; test labels unused,31200.0,12800.0,12000.0,22.0,8.0,8.0,1-78,87-118,127-156,52.0,36.0,0.16,0.9982488325550366,0.16,0.9982488325550366,0.0394088669950738,1.0,0.0006443764164043,236.0,ok,research_holdout
holdout|propagation_vulnerability|B+P1_liab_channel|seed1504,holdout,propagation_vulnerability,B+P1_liab_channel,1504,"LightGBM(binary,lr0.05,leaves31,depth5,seed42)",Routing peer stress through the CONTRACTUAL liability weight (the generator transmission channel) rather than a wealth share should add information B lacks.,52 features,Platt on validation split only; test labels unused,31200.0,12800.0,12000.0,22.0,8.0,8.0,1-78,87-118,127-156,52.0,13.0,0.1981990840227352,0.5019127334889927,0.1982499999999999,0.5038098315543695,0.1739130434782608,0.5,0.0006357215765771,206.0,ok,research_holdout
holdout|propagation_vulnerability|B+P2_concentration|seed1504,holdout,propagation_vulnerability,B+P2_concentration,1504,"LightGBM(binary,lr0.05,leaves31,depth5,seed42)",Mean peer stress cannot distinguish one severe peer from several mild ones; max/count/HHI restore that structure.,54 features,Platt on validation split only; test labels unused,31200.0,12800.0,12000.0,22.0,8.0,8.0,1-78,87-118,127-156,54.0,9.0,0.0032057231331808,0.6817253168779186,0.0005031894475303,0.3182746831220814,0.0,0.0,0.0006662222812693,39.0,ok,research_holdout
holdout|propagation_vulnerability|B+P3_persistence|seed1504,holdout,propagation_vulnerability,B+P3_persistence,1504,"LightGBM(binary,lr0.05,leaves31,depth5,seed42)",A peer stressed for several consecutive weeks drains the group pot cumulatively; decay and velocity capture duration the contemporaneous mean discards.,53 features,Platt on validation split only; test labels unused,31200.0,12800.0,12000.0,22.0,8.0,8.0,1-78,87-118,127-156,53.0,23.0,0.4,0.9994996664442962,0.4,0.999499666444296,0.4,1.0,0.000526352317781,209.0,ok,research_holdout
holdout|propagation_vulnerability|B+P4_dest_fragility|seed1504,holdout,propagation_vulnerability,B+P4_dest_fragility,1504,"LightGBM(binary,lr0.05,leaves31,depth5,seed42)",Absolute buffer adequacy (buffer / obligation) measures capacity to absorb a liability call; B only has a RELATIVE wealth share.,53 features,Platt on validation split only; test labels unused,31200.0,12800.0,12000.0,22.0,8.0,8.0,1-78,87-118,127-156,53.0,7.0,0.4,0.9994996664442962,0.4,0.9994996664442962,0.4,1.0,0.0005412336436937,38.0,ok,research_holdout
holdout|propagation_vulnerability|B+P5_process|seed1504,holdout,propagation_vulnerability,B+P5_process,1504,"LightGBM(binary,lr0.05,leaves31,depth5,seed42)","Propagation as a process: source stress x contractual channel x persistence x destination vulnerability, in one interpretable scalar.",52 features,Platt on validation split only; test labels unused,31200.0,12800.0,12000.0,22.0,8.0,8.0,1-78,87-118,127-156,52.0,4.0,0.0856433743465376,0.6260632088058704,0.0856641840373691,0.625974608072048,0.0,0.0,0.0006662220603427,35.0,ok,research_holdout
holdout|propagation_vulnerability|B+P6_full|seed1504,holdout,propagation_vulnerability,B+P6_full,1504,"LightGBM(binary,lr0.05,leaves31,depth5,seed42)",All research propagation features together; upper bound on what this family can contribute.,61 features,Platt on validation split only; test labels unused,31200.0,12800.0,12000.0,22.0,8.0,8.0,1-78,87-118,127-156,61.0,47.0,0.0136696468452661,0.7376584389593062,0.0136794307490053,0.7373457304869913,0.0,0.0,0.0006666930708585,463.0,ok,research_holdout
holdout|rt_new_stress|A|seed1504,holdout,rt_new_stress,A,1504,"LightGBM(binary,lr0.05,leaves31,depth5,seed42)",Individual financial features only; no peer/network context. Lower bound.,43 features,Platt on validation split only; test labels unused,31200.0,12800.0,12000.0,70.0,28.0,28.0,1-78,87-118,127-156,43.0,14.0,0.1803712559019669,0.4442255142952604,0.1803712559019669,0.4442255142952604,0.0190114068441064,0.1785714285714285,0.0022605694792581,140.0,ok,research_holdout
holdout|rt_new_stress|B|seed1504,holdout,rt_new_stress,B,1504,"LightGBM(binary,lr0.05,leaves31,depth5,seed42)","Individual + network context (M2C Model B, 51 features). The baseline to beat.",51 features,Platt on validation split only; test labels unused,31200.0,12800.0,12000.0,70.0,28.0,28.0,1-78,87-118,127-156,51.0,50.0,0.1823821394294145,0.6826001742160278,0.1823821394294145,0.6826001742160278,0.0335570469798657,0.1785714285714285,0.0022765000842317,613.0,ok,research_holdout
holdout|rt_new_stress|B+P0_m2c_exposure|seed1504,holdout,rt_new_stress,B+P0_m2c_exposure,1504,"LightGBM(binary,lr0.05,leaves31,depth5,seed42)","M2C Model C. Exposure = peer_predicted_stress_mean * borrower_liability_share; both factors already in B, so no new information is expected.",52 features,Platt on validation split only; test labels unused,31200.0,12800.0,12000.0,70.0,28.0,28.0,1-78,87-118,127-156,52.0,28.0,0.1825857594406043,0.6486235740537445,0.1825857594406043,0.6486235740537445,0.0384615384615384,0.1785714285714285,0.0022711640314059,424.0,ok,research_holdout
holdout|rt_new_stress|B+P1_liab_channel|seed1504,holdout,rt_new_stress,B+P1_liab_channel,1504,"LightGBM(binary,lr0.05,leaves31,depth5,seed42)",Routing peer stress through the CONTRACTUAL liability weight (the generator transmission channel) rather than a wealth share should add information B lacks.,52 features,Platt on validation split only; test labels unused,31200.0,12800.0,12000.0,70.0,28.0,28.0,1-78,87-118,127-156,52.0,13.0,0.1811993583332781,0.5576404467567181,0.1811993583332781,0.5576404467567181,0.0294117647058823,0.1785714285714285,0.0022783469623421,149.0,ok,research_holdout
holdout|rt_new_stress|B+P2_concentration|seed1504,holdout,rt_new_stress,B+P2_concentration,1504,"LightGBM(binary,lr0.05,leaves31,depth5,seed42)",Mean peer stress cannot distinguish one severe peer from several mild ones; max/count/HHI restore that structure.,54 features,Platt on validation split only; test labels unused,31200.0,12800.0,12000.0,70.0,28.0,28.0,1-78,87-118,127-156,54.0,21.0,0.1816538720201141,0.6266750393775953,0.1816538720201141,0.6266750393775953,0.0175438596491228,0.1785714285714285,0.0022641239079923,291.0,ok,research_holdout
holdout|rt_new_stress|B+P3_persistence|seed1504,holdout,rt_new_stress,B+P3_persistence,1504,"LightGBM(binary,lr0.05,leaves31,depth5,seed42)",A peer stressed for several consecutive weeks drains the group pot cumulatively; decay and velocity capture duration the contemporaneous mean discards.,53 features,Platt on validation split only; test labels unused,31200.0,12800.0,12000.0,70.0,28.0,28.0,1-78,87-118,127-156,53.0,12.0,0.1826062535739842,0.7270819411961242,0.1826062535739842,0.7270819411961242,0.0381679389312977,0.1785714285714285,0.002279883707396,89.0,ok,research_holdout
holdout|rt_new_stress|B+P4_dest_fragility|seed1504,holdout,rt_new_stress,B+P4_dest_fragility,1504,"LightGBM(binary,lr0.05,leaves31,depth5,seed42)",Absolute buffer adequacy (buffer / obligation) measures capacity to absorb a liability call; B only has a RELATIVE wealth share.,53 features,Platt on validation split only; test labels unused,31200.0,12800.0,12000.0,70.0,28.0,28.0,1-78,87-118,127-156,53.0,18.0,0.1804404429349021,0.4479514700968927,0.1804404429349021,0.4479514700968927,0.0137362637362637,0.1785714285714285,0.002279495910064,175.0,ok,research_holdout
holdout|rt_new_stress|B+P5_process|seed1504,holdout,rt_new_stress,B+P5_process,1504,"LightGBM(binary,lr0.05,leaves31,depth5,seed42)","Propagation as a process: source stress x contractual channel x persistence x destination vulnerability, in one interpretable scalar.",52 features,Platt on validation split only; test labels unused,31200.0,12800.0,12000.0,70.0,28.0,28.0,1-78,87-118,127-156,52.0,22.0,0.1818473414125855,0.6241960407617775,0.1818473414125855,0.6241960407617775,0.0495049504950495,0.1785714285714285,0.0022743122735181,226.0,ok,research_holdout
holdout|rt_new_stress|B+P6_full|seed1504,holdout,rt_new_stress,B+P6_full,1504,"LightGBM(binary,lr0.05,leaves31,depth5,seed42)",All research propagation features together; upper bound on what this family can contribute.,61 features,Platt on validation split only; test labels unused,31200.0,12800.0,12000.0,70.0,28.0,28.0,1-78,87-118,127-156,61.0,13.0,0.2915293379899834,0.7276561977948547,0.2915293379899834,0.7276561977948547,0.0353697749196141,0.3928571428571428,0.0021817672390348,209.0,ok,research_holdout
holdout|propagation_vulnerability|A|seed1605,holdout,propagation_vulnerability,A,1605,"LightGBM(binary,lr0.05,leaves31,depth5,seed42)",Individual financial features only; no peer/network context. Lower bound.,43 features,Platt on validation split only; test labels unused,31200.0,12800.0,12000.0,17.0,0.0,3.0,1-78,87-118,127-156,43.0,200.0,0.00025,0.4176044011002751,0.00025,0.4176044011002751,0.0,0.0,0.0063235690091189,426.0,ok,research_holdout
holdout|propagation_vulnerability|B|seed1605,holdout,propagation_vulnerability,B,1605,"LightGBM(binary,lr0.05,leaves31,depth5,seed42)","Individual + network context (M2C Model B, 51 features). The baseline to beat.",51 features,Platt on validation split only; test labels unused,31200.0,12800.0,12000.0,17.0,0.0,3.0,1-78,87-118,127-156,51.0,200.0,0.00025,0.0771026089855797,0.00025,0.0771026089855797,0.0,0.0,0.0078471693581202,1940.0,ok,research_holdout
holdout|propagation_vulnerability|B+P0_m2c_exposure|seed1605,holdout,propagation_vulnerability,B+P0_m2c_exposure,1605,"LightGBM(binary,lr0.05,leaves31,depth5,seed42)","M2C Model C. Exposure = peer_predicted_stress_mean * borrower_liability_share; both factors already in B, so no new information is expected.",52 features,Platt on validation split only; test labels unused,31200.0,12800.0,12000.0,17.0,0.0,3.0,1-78,87-118,127-156,52.0,200.0,0.00025,0.4655747270150871,0.00025,0.4655747270150871,0.0,0.0,0.0003333259866383,219.0,ok,research_holdout
holdout|propagation_vulnerability|B+P1_liab_channel|seed1605,holdout,propagation_vulnerability,B+P1_liab_channel,1605,"LightGBM(binary,lr0.05,leaves31,depth5,seed42)",Routing peer stress through the CONTRACTUAL liability weight (the generator transmission channel) rather than a wealth share should add information B lacks.,52 features,Platt on validation split only; test labels unused,31200.0,12800.0,12000.0,17.0,0.0,3.0,1-78,87-118,127-156,52.0,200.0,0.00025,0.4021422022172209,0.00025,0.4021422022172209,0.0,0.0,0.0072454877764704,628.0,ok,research_holdout
holdout|propagation_vulnerability|B+P2_concentration|seed1605,holdout,propagation_vulnerability,B+P2_concentration,1605,"LightGBM(binary,lr0.05,leaves31,depth5,seed42)",Mean peer stress cannot distinguish one severe peer from several mild ones; max/count/HHI restore that structure.,54 features,Platt on validation split only; test labels unused,31200.0,12800.0,12000.0,17.0,0.0,3.0,1-78,87-118,127-156,54.0,200.0,0.00025,0.0545553054930399,0.00025,0.0545553054930399,0.0,0.0,0.0195600518864051,1847.0,ok,research_holdout
holdout|propagation_vulnerability|B+P3_persistence|seed1605,holdout,propagation_vulnerability,B+P3_persistence,1605,"LightGBM(binary,lr0.05,leaves31,depth5,seed42)",A peer stressed for several consecutive weeks drains the group pot cumulatively; decay and velocity capture duration the contemporaneous mean discards.,53 features,Platt on validation split only; test labels unused,31200.0,12800.0,12000.0,17.0,0.0,3.0,1-78,87-118,127-156,53.0,200.0,0.00025,0.4670334250229224,0.00025,0.4670334250229224,0.0,0.0,0.0002514840121414,331.0,ok,research_holdout
holdout|propagation_vulnerability|B+P4_dest_fragility|seed1605,holdout,propagation_vulnerability,B+P4_dest_fragility,1605,"LightGBM(binary,lr0.05,leaves31,depth5,seed42)",Absolute buffer adequacy (buffer / obligation) measures capacity to absorb a liability call; B only has a RELATIVE wealth share.,53 features,Platt on validation split only; test labels unused,31200.0,12800.0,12000.0,17.0,0.0,3.0,1-78,87-118,127-156,53.0,200.0,0.0003284813404299,0.4983190242004945,0.0003284813404299,0.4983190242004945,0.0,0.0,0.0292465750534295,1255.0,ok,research_holdout
holdout|propagation_vulnerability|B+P5_process|seed1605,holdout,propagation_vulnerability,B+P5_process,1605,"LightGBM(binary,lr0.05,leaves31,depth5,seed42)","Propagation as a process: source stress x contractual channel x persistence x destination vulnerability, in one interpretable scalar.",52 features,Platt on validation split only; test labels unused,31200.0,12800.0,12000.0,17.0,0.0,3.0,1-78,87-118,127-156,52.0,200.0,0.00025,0.4464866216554138,0.00025,0.4464866216554138,0.0,0.0,0.0037609591020094,319.0,ok,research_holdout
holdout|propagation_vulnerability|B+P6_full|seed1605,holdout,propagation_vulnerability,B+P6_full,1605,"LightGBM(binary,lr0.05,leaves31,depth5,seed42)",All research propagation features together; upper bound on what this family can contribute.,61 features,Platt on validation split only; test labels unused,31200.0,12800.0,12000.0,17.0,0.0,3.0,1-78,87-118,127-156,61.0,200.0,0.00025,0.4850796032341418,0.00025,0.4850796032341418,0.0,0.0,0.0027057096332945,245.0,ok,research_holdout
holdout|rt_new_stress|A|seed1605,holdout,rt_new_stress,A,1605,"LightGBM(binary,lr0.05,leaves31,depth5,seed42)",Individual financial features only; no peer/network context. Lower bound.,43 features,Platt on validation split only; test labels unused,31200.0,12800.0,12000.0,64.0,22.0,24.0,1-78,87-118,127-156,43.0,17.0,0.2856954690347306,0.7815213760855043,0.2856954690347306,0.7815213760855043,0.0513698630136986,0.625,0.0018984417612707,130.0,ok,research_holdout
holdout|rt_new_stress|B|seed1605,holdout,rt_new_stress,B,1605,"LightGBM(binary,lr0.05,leaves31,depth5,seed42)","Individual + network context (M2C Model B, 51 features). The baseline to beat.",51 features,Platt on validation split only; test labels unused,31200.0,12800.0,12000.0,64.0,22.0,24.0,1-78,87-118,127-156,51.0,43.0,0.4559806881079071,0.7535418058338901,0.4559806881079071,0.7535418058338901,0.1034482758620689,0.625,0.0018532156113783,345.0,ok,research_holdout
holdout|rt_new_stress|B+P0_m2c_exposure|seed1605,holdout,rt_new_stress,B+P0_m2c_exposure,1605,"LightGBM(binary,lr0.05,leaves31,depth5,seed42)","M2C Model C. Exposure = peer_predicted_stress_mean * borrower_liability_share; both factors already in B, so no new information is expected.",52 features,Platt on validation split only; test labels unused,31200.0,12800.0,12000.0,64.0,22.0,24.0,1-78,87-118,127-156,52.0,35.0,0.3709625196265468,0.7402130650189267,0.3709625196265468,0.7402130650189267,0.1034482758620689,0.625,0.0019072071626237,354.0,ok,research_holdout
holdout|rt_new_stress|B+P1_liab_channel|seed1605,holdout,rt_new_stress,B+P1_liab_channel,1605,"LightGBM(binary,lr0.05,leaves31,depth5,seed42)",Routing peer stress through the CONTRACTUAL liability weight (the generator transmission channel) rather than a wealth share should add information B lacks.,52 features,Platt on validation split only; test labels unused,31200.0,12800.0,12000.0,64.0,22.0,24.0,1-78,87-118,127-156,52.0,3.0,0.2157256027673797,0.7648247884658204,0.2157256027673797,0.7648247884658204,0.0359712230215827,0.625,0.0019348170438667,38.0,ok,research_holdout
holdout|rt_new_stress|B+P2_concentration|seed1605,holdout,rt_new_stress,B+P2_concentration,1605,"LightGBM(binary,lr0.05,leaves31,depth5,seed42)",Mean peer stress cannot distinguish one severe peer from several mild ones; max/count/HHI restore that structure.,54 features,Platt on validation split only; test labels unused,31200.0,12800.0,12000.0,64.0,22.0,24.0,1-78,87-118,127-156,54.0,39.0,0.4556656085800915,0.7380838065018926,0.4556656085800915,0.7380838065018926,0.1034482758620689,0.625,0.0018546172672039,336.0,ok,research_holdout
holdout|rt_new_stress|B+P3_persistence|seed1605,holdout,rt_new_stress,B+P3_persistence,1605,"LightGBM(binary,lr0.05,leaves31,depth5,seed42)",A peer stressed for several consecutive weeks drains the group pot cumulatively; decay and velocity capture duration the contemporaneous mean discards.,53 features,Platt on validation split only; test labels unused,31200.0,12800.0,12000.0,64.0,22.0,24.0,1-78,87-118,127-156,53.0,3.0,0.2117536223173399,0.7651970607882431,0.2117536223173399,0.7651970607882431,0.0359712230215827,0.625,0.0019333728740288,40.0,ok,research_holdout
holdout|rt_new_stress|B+P4_dest_fragility|seed1605,holdout,rt_new_stress,B+P4_dest_fragility,1605,"LightGBM(binary,lr0.05,leaves31,depth5,seed42)",Absolute buffer adequacy (buffer / obligation) measures capacity to absorb a liability call; B only has a RELATIVE wealth share.,53 features,Platt on validation split only; test labels unused,31200.0,12800.0,12000.0,64.0,22.0,24.0,1-78,87-118,127-156,53.0,1.0,0.1999909424227932,0.8450790469828545,0.1999909424227932,0.8450790469828545,0.0359712230215827,0.625,0.0019215782534233,8.0,ok,research_holdout
holdout|rt_new_stress|B+P5_process|seed1605,holdout,rt_new_stress,B+P5_process,1605,"LightGBM(binary,lr0.05,leaves31,depth5,seed42)","Propagation as a process: source stress x contractual channel x persistence x destination vulnerability, in one interpretable scalar.",52 features,Platt on validation split only; test labels unused,31200.0,12800.0,12000.0,64.0,22.0,24.0,1-78,87-118,127-156,52.0,26.0,0.3649035632182797,0.7566243598307726,0.3649035632182797,0.7566243598307726,0.0477707006369426,0.625,0.0018999226317184,303.0,ok,research_holdout
holdout|rt_new_stress|B+P6_full|seed1605,holdout,rt_new_stress,B+P6_full,1605,"LightGBM(binary,lr0.05,leaves31,depth5,seed42)",All research propagation features together; upper bound on what this family can contribute.,61 features,Platt on validation split only; test labels unused,31200.0,12800.0,12000.0,64.0,22.0,24.0,1-78,87-118,127-156,61.0,1.0,0.1989656413023925,0.767047984858606,0.1989656413023925,0.767047984858606,0.3333333333333333,0.625,0.0019203523743755,7.0,ok,research_holdout
holdout|propagation_vulnerability|A|seed1706,holdout,propagation_vulnerability,A,1706,"LightGBM(binary,lr0.05,leaves31,depth5,seed42)",Individual financial features only; no peer/network context. Lower bound.,43 features,Platt on validation split only; test labels unused,31200.0,12800.0,12000.0,4.0,0.0,4.0,1-78,87-118,127-156,43.0,103.0,0.0003333333333333,0.5,0.0003333333333333,0.5,0.0,0.0,0.0003333333333333,1.0,ok,research_holdout
holdout|propagation_vulnerability|B|seed1706,holdout,propagation_vulnerability,B,1706,"LightGBM(binary,lr0.05,leaves31,depth5,seed42)","Individual + network context (M2C Model B, 51 features). The baseline to beat.",51 features,Platt on validation split only; test labels unused,31200.0,12800.0,12000.0,4.0,0.0,4.0,1-78,87-118,127-156,51.0,174.0,0.0073529411764705,0.9774924974991664,0.0073529411764705,0.9774924974991664,0.0072595281306715,1.0,0.0455811295125331,2303.0,ok,research_holdout
holdout|propagation_vulnerability|B+P0_m2c_exposure|seed1706,holdout,propagation_vulnerability,B+P0_m2c_exposure,1706,"LightGBM(binary,lr0.05,leaves31,depth5,seed42)","M2C Model C. Exposure = peer_predicted_stress_mean * borrower_liability_share; both factors already in B, so no new information is expected.",52 features,Platt on validation split only; test labels unused,31200.0,12800.0,12000.0,4.0,0.0,4.0,1-78,87-118,127-156,52.0,174.0,0.0315333745883241,0.7421223741247083,0.0315333745883241,0.7421223741247083,0.0512820512820512,0.5,0.0032477961791999,2019.0,ok,research_holdout
holdout|propagation_vulnerability|B+P1_liab_channel|seed1706,holdout,propagation_vulnerability,B+P1_liab_channel,1706,"LightGBM(binary,lr0.05,leaves31,depth5,seed42)",Routing peer stress through the CONTRACTUAL liability weight (the generator transmission channel) rather than a wealth share should add information B lacks.,52 features,Platt on validation split only; test labels unused,31200.0,12800.0,12000.0,4.0,0.0,4.0,1-78,87-118,127-156,52.0,200.0,0.0003333333333333,0.5,0.0003333333333333,0.5,0.0,0.0,0.0003333333333333,1.0,ok,research_holdout
holdout|propagation_vulnerability|B+P2_concentration|seed1706,holdout,propagation_vulnerability,B+P2_concentration,1706,"LightGBM(binary,lr0.05,leaves31,depth5,seed42)",Mean peer stress cannot distinguish one severe peer from several mild ones; max/count/HHI restore that structure.,54 features,Platt on validation split only; test labels unused,31200.0,12800.0,12000.0,4.0,0.0,4.0,1-78,87-118,127-156,54.0,103.0,0.0003333333333333,0.5,0.0003333333333333,0.5,0.0,0.0,0.0003333333333333,1.0,ok,research_holdout
holdout|propagation_vulnerability|B+P3_persistence|seed1706,holdout,propagation_vulnerability,B+P3_persistence,1706,"LightGBM(binary,lr0.05,leaves31,depth5,seed42)",A peer stressed for several consecutive weeks drains the group pot cumulatively; decay and velocity capture duration the contemporaneous mean discards.,53 features,Platt on validation split only; test labels unused,31200.0,12800.0,12000.0,4.0,0.0,4.0,1-78,87-118,127-156,53.0,200.0,0.0002736854571293,0.0740663554518172,0.0002736854571293,0.0740663554518172,0.0,0.0,0.0137168425435425,1939.0,ok,research_holdout
holdout|propagation_vulnerability|B+P4_dest_fragility|seed1706,holdout,propagation_vulnerability,B+P4_dest_fragility,1706,"LightGBM(binary,lr0.05,leaves31,depth5,seed42)",Absolute buffer adequacy (buffer / obligation) measures capacity to absorb a liability call; B only has a RELATIVE wealth share.,53 features,Platt on validation split only; test labels unused,31200.0,12800.0,12000.0,4.0,0.0,4.0,1-78,87-118,127-156,53.0,174.0,0.0073529411764705,0.9774924974991664,0.0073529411764705,0.9774924974991664,0.0072595281306715,1.0,0.0455811295125335,2127.0,ok,research_holdout
holdout|propagation_vulnerability|B+P5_process|seed1706,holdout,propagation_vulnerability,B+P5_process,1706,"LightGBM(binary,lr0.05,leaves31,depth5,seed42)","Propagation as a process: source stress x contractual channel x persistence x destination vulnerability, in one interpretable scalar.",52 features,Platt on validation split only; test labels unused,31200.0,12800.0,12000.0,4.0,0.0,4.0,1-78,87-118,127-156,52.0,200.0,0.0003333333333333,0.5,0.0003333333333333,0.5,0.0,0.0,0.0003333333333333,1.0,ok,research_holdout
holdout|propagation_vulnerability|B+P6_full|seed1706,holdout,propagation_vulnerability,B+P6_full,1706,"LightGBM(binary,lr0.05,leaves31,depth5,seed42)",All research propagation features together; upper bound on what this family can contribute.,61 features,Platt on validation split only; test labels unused,31200.0,12800.0,12000.0,4.0,0.0,4.0,1-78,87-118,127-156,61.0,103.0,0.0003333333333333,0.5,0.0003333333333333,0.5,0.0,0.0,0.0003333333333333,1.0,ok,research_holdout
holdout|rt_new_stress|A|seed1706,holdout,rt_new_stress,A,1706,"LightGBM(binary,lr0.05,leaves31,depth5,seed42)",Individual financial features only; no peer/network context. Lower bound.,43 features,Platt on validation split only; test labels unused,31200.0,12800.0,12000.0,38.0,16.0,28.0,1-78,87-118,127-156,43.0,9.0,0.0732926615060394,0.6886395637439741,0.0732220365128757,0.6842364326285141,0.0180505415162454,0.3571428571428571,0.0022966829594348,135.0,ok,research_holdout
holdout|rt_new_stress|B|seed1706,holdout,rt_new_stress,B,1706,"LightGBM(binary,lr0.05,leaves31,depth5,seed42)","Individual + network context (M2C Model B, 51 features). The baseline to beat.",51 features,Platt on validation split only; test labels unused,31200.0,12800.0,12000.0,38.0,16.0,28.0,1-78,87-118,127-156,51.0,3.0,0.0334966919155727,0.814550916424037,0.0329599167448908,0.7865212281036704,0.0093786635404454,0.2857142857142857,0.0023249249019959,46.0,ok,research_holdout
holdout|rt_new_stress|B+P0_m2c_exposure|seed1706,holdout,rt_new_stress,B+P0_m2c_exposure,1706,"LightGBM(binary,lr0.05,leaves31,depth5,seed42)","M2C Model C. Exposure = peer_predicted_stress_mean * borrower_liability_share; both factors already in B, so no new information is expected.",52 features,Platt on validation split only; test labels unused,31200.0,12800.0,12000.0,38.0,16.0,28.0,1-78,87-118,127-156,52.0,1.0,0.0517702530826856,0.6309901675337691,0.051425896201177,0.6056154837477924,0.0098280098280098,0.2857142857142857,0.0023255824891155,8.0,ok,research_holdout
holdout|rt_new_stress|B+P1_liab_channel|seed1706,holdout,rt_new_stress,B+P1_liab_channel,1706,"LightGBM(binary,lr0.05,leaves31,depth5,seed42)",Routing peer stress through the CONTRACTUAL liability weight (the generator transmission channel) rather than a wealth share should add information B lacks.,52 features,Platt on validation split only; test labels unused,31200.0,12800.0,12000.0,38.0,16.0,28.0,1-78,87-118,127-156,52.0,1.0,0.0517702530826856,0.6309901675337691,0.051425896201177,0.6056154837477924,0.0098280098280098,0.2857142857142857,0.0023255824891155,8.0,ok,research_holdout
holdout|rt_new_stress|B+P2_concentration|seed1706,holdout,rt_new_stress,B+P2_concentration,1706,"LightGBM(binary,lr0.05,leaves31,depth5,seed42)",Mean peer stress cannot distinguish one severe peer from several mild ones; max/count/HHI restore that structure.,54 features,Platt on validation split only; test labels unused,31200.0,12800.0,12000.0,38.0,16.0,28.0,1-78,87-118,127-156,54.0,3.0,0.0334966919155727,0.814550916424037,0.0329599167448908,0.7865212281036704,0.0093786635404454,0.2857142857142857,0.0023249249019959,46.0,ok,research_holdout
holdout|rt_new_stress|B+P3_persistence|seed1706,holdout,rt_new_stress,B+P3_persistence,1706,"LightGBM(binary,lr0.05,leaves31,depth5,seed42)",A peer stressed for several consecutive weeks drains the group pot cumulatively; decay and velocity capture duration the contemporaneous mean discards.,53 features,Platt on validation split only; test labels unused,31200.0,12800.0,12000.0,38.0,16.0,28.0,1-78,87-118,127-156,53.0,3.0,0.0340013146091575,0.8196342060044867,0.0332118978959556,0.7849013770225763,0.009313154831199,0.2857142857142857,0.0023249335650248,34.0,ok,research_holdout
holdout|rt_new_stress|B+P4_dest_fragility|seed1706,holdout,rt_new_stress,B+P4_dest_fragility,1706,"LightGBM(binary,lr0.05,leaves31,depth5,seed42)",Absolute buffer adequacy (buffer / obligation) measures capacity to absorb a liability call; B only has a RELATIVE wealth share.,53 features,Platt on validation split only; test labels unused,31200.0,12800.0,12000.0,38.0,16.0,28.0,1-78,87-118,127-156,53.0,5.0,0.2576437350323102,0.8178055343420361,0.2576437350323102,0.8178055343420362,0.0190703218116805,0.5714285714285714,0.0021481223772674,69.0,ok,research_holdout
holdout|rt_new_stress|B+P5_process|seed1706,holdout,rt_new_stress,B+P5_process,1706,"LightGBM(binary,lr0.05,leaves31,depth5,seed42)","Propagation as a process: source stress x contractual channel x persistence x destination vulnerability, in one interpretable scalar.",52 features,Platt on validation split only; test labels unused,31200.0,12800.0,12000.0,38.0,16.0,28.0,1-78,87-118,127-156,52.0,15.0,0.0950910062469257,0.7122661209488808,0.095090908911145,0.7122556799198128,0.0308008213552361,0.5357142857142857,0.0023004934311947,296.0,ok,research_holdout
holdout|rt_new_stress|B+P6_full|seed1706,holdout,rt_new_stress,B+P6_full,1706,"LightGBM(binary,lr0.05,leaves31,depth5,seed42)",All research propagation features together; upper bound on what this family can contribute.,61 features,Platt on validation split only; test labels unused,31200.0,12800.0,12000.0,38.0,16.0,28.0,1-78,87-118,127-156,61.0,13.0,0.1525809578081992,0.6713671185146294,0.1525808604724186,0.6713760679681161,0.0269299820466786,0.5357142857142857,0.0022102916880196,298.0,ok,research_holdout
holdout|propagation_vulnerability|A|seed1807,holdout,propagation_vulnerability,A,1807,"LightGBM(binary,lr0.05,leaves31,depth5,seed42)",Individual financial features only; no peer/network context. Lower bound.,43 features,Platt on validation split only; test labels unused,,,,,,,,,,,,,,,,,,,,unscoreable_no_test_positives,research_holdout
holdout|propagation_vulnerability|B|seed1807,holdout,propagation_vulnerability,B,1807,"LightGBM(binary,lr0.05,leaves31,depth5,seed42)","Individual + network context (M2C Model B, 51 features). The baseline to beat.",51 features,Platt on validation split only; test labels unused,,,,,,,,,,,,,,,,,,,,unscoreable_no_test_positives,research_holdout
holdout|propagation_vulnerability|B+P0_m2c_exposure|seed1807,holdout,propagation_vulnerability,B+P0_m2c_exposure,1807,"LightGBM(binary,lr0.05,leaves31,depth5,seed42)","M2C Model C. Exposure = peer_predicted_stress_mean * borrower_liability_share; both factors already in B, so no new information is expected.",52 features,Platt on validation split only; test labels unused,,,,,,,,,,,,,,,,,,,,unscoreable_no_test_positives,research_holdout
holdout|propagation_vulnerability|B+P1_liab_channel|seed1807,holdout,propagation_vulnerability,B+P1_liab_channel,1807,"LightGBM(binary,lr0.05,leaves31,depth5,seed42)",Routing peer stress through the CONTRACTUAL liability weight (the generator transmission channel) rather than a wealth share should add information B lacks.,52 features,Platt on validation split only; test labels unused,,,,,,,,,,,,,,,,,,,,unscoreable_no_test_positives,research_holdout
holdout|propagation_vulnerability|B+P2_concentration|seed1807,holdout,propagation_vulnerability,B+P2_concentration,1807,"LightGBM(binary,lr0.05,leaves31,depth5,seed42)",Mean peer stress cannot distinguish one severe peer from several mild ones; max/count/HHI restore that structure.,54 features,Platt on validation split only; test labels unused,,,,,,,,,,,,,,,,,,,,unscoreable_no_test_positives,research_holdout
holdout|propagation_vulnerability|B+P3_persistence|seed1807,holdout,propagation_vulnerability,B+P3_persistence,1807,"LightGBM(binary,lr0.05,leaves31,depth5,seed42)",A peer stressed for several consecutive weeks drains the group pot cumulatively; decay and velocity capture duration the contemporaneous mean discards.,53 features,Platt on validation split only; test labels unused,,,,,,,,,,,,,,,,,,,,unscoreable_no_test_positives,research_holdout
holdout|propagation_vulnerability|B+P4_dest_fragility|seed1807,holdout,propagation_vulnerability,B+P4_dest_fragility,1807,"LightGBM(binary,lr0.05,leaves31,depth5,seed42)",Absolute buffer adequacy (buffer / obligation) measures capacity to absorb a liability call; B only has a RELATIVE wealth share.,53 features,Platt on validation split only; test labels unused,,,,,,,,,,,,,,,,,,,,unscoreable_no_test_positives,research_holdout
holdout|propagation_vulnerability|B+P5_process|seed1807,holdout,propagation_vulnerability,B+P5_process,1807,"LightGBM(binary,lr0.05,leaves31,depth5,seed42)","Propagation as a process: source stress x contractual channel x persistence x destination vulnerability, in one interpretable scalar.",52 features,Platt on validation split only; test labels unused,,,,,,,,,,,,,,,,,,,,unscoreable_no_test_positives,research_holdout
holdout|propagation_vulnerability|B+P6_full|seed1807,holdout,propagation_vulnerability,B+P6_full,1807,"LightGBM(binary,lr0.05,leaves31,depth5,seed42)",All research propagation features together; upper bound on what this family can contribute.,61 features,Platt on validation split only; test labels unused,,,,,,,,,,,,,,,,,,,,unscoreable_no_test_positives,research_holdout
holdout|rt_new_stress|A|seed1807,holdout,rt_new_stress,A,1807,"LightGBM(binary,lr0.05,leaves31,depth5,seed42)",Individual financial features only; no peer/network context. Lower bound.,43 features,Platt on validation split only; test labels unused,31200.0,12800.0,12000.0,44.0,10.0,4.0,1-78,87-118,127-156,43.0,8.0,0.0847355769230769,0.9972907635878626,0.0847355769230769,0.9972907635878626,0.0,0.0,0.000333454767963,79.0,ok,research_holdout
holdout|rt_new_stress|B|seed1807,holdout,rt_new_stress,B,1807,"LightGBM(binary,lr0.05,leaves31,depth5,seed42)","Individual + network context (M2C Model B, 51 features). The baseline to beat.",51 features,Platt on validation split only; test labels unused,31200.0,12800.0,12000.0,44.0,10.0,4.0,1-78,87-118,127-156,51.0,1.0,0.2105263157894736,0.9991247082360788,0.2105263157894736,0.9991247082360788,0.2105263157894736,1.0,0.0003327467702556,5.0,ok,research_holdout
holdout|rt_new_stress|B+P0_m2c_exposure|seed1807,holdout,rt_new_stress,B+P0_m2c_exposure,1807,"LightGBM(binary,lr0.05,leaves31,depth5,seed42)","M2C Model C. Exposure = peer_predicted_stress_mean * borrower_liability_share; both factors already in B, so no new information is expected.",52 features,Platt on validation split only; test labels unused,31200.0,12800.0,12000.0,44.0,10.0,4.0,1-78,87-118,127-156,52.0,1.0,0.2105263157894736,0.9991247082360788,0.2105263157894736,0.9991247082360788,0.2105263157894736,1.0,0.0003327467702556,5.0,ok,research_holdout
holdout|rt_new_stress|B+P1_liab_channel|seed1807,holdout,rt_new_stress,B+P1_liab_channel,1807,"LightGBM(binary,lr0.05,leaves31,depth5,seed42)",Routing peer stress through the CONTRACTUAL liability weight (the generator transmission channel) rather than a wealth share should add information B lacks.,52 features,Platt on validation split only; test labels unused,31200.0,12800.0,12000.0,44.0,10.0,4.0,1-78,87-118,127-156,52.0,1.0,0.2105263157894736,0.9991247082360788,0.2105263157894736,0.9991247082360788,0.2105263157894736,1.0,0.0003327467702556,5.0,ok,research_holdout
holdout|rt_new_stress|B+P2_concentration|seed1807,holdout,rt_new_stress,B+P2_concentration,1807,"LightGBM(binary,lr0.05,leaves31,depth5,seed42)",Mean peer stress cannot distinguish one severe peer from several mild ones; max/count/HHI restore that structure.,54 features,Platt on validation split only; test labels unused,31200.0,12800.0,12000.0,44.0,10.0,4.0,1-78,87-118,127-156,54.0,4.0,0.1865131578947368,0.9992184894964988,0.1865131578947368,0.9992184894964988,0.2105263157894736,1.0,0.0003331778898633,26.0,ok,research_holdout
holdout|rt_new_stress|B+P3_persistence|seed1807,holdout,rt_new_stress,B+P3_persistence,1807,"LightGBM(binary,lr0.05,leaves31,depth5,seed42)",A peer stressed for several consecutive weeks drains the group pot cumulatively; decay and velocity capture duration the contemporaneous mean discards.,53 features,Platt on validation split only; test labels unused,31200.0,12800.0,12000.0,44.0,10.0,4.0,1-78,87-118,127-156,53.0,4.0,0.1882440476190476,0.9990621873957988,0.1882440476190476,0.9990621873957988,0.1,1.0,0.0003332891417074,27.0,ok,research_holdout
holdout|rt_new_stress|B+P4_dest_fragility|seed1807,holdout,rt_new_stress,B+P4_dest_fragility,1807,"LightGBM(binary,lr0.05,leaves31,depth5,seed42)",Absolute buffer adequacy (buffer / obligation) measures capacity to absorb a liability call; B only has a RELATIVE wealth share.,53 features,Platt on validation split only; test labels unused,31200.0,12800.0,12000.0,44.0,10.0,4.0,1-78,87-118,127-156,53.0,1.0,0.2105263157894736,0.9991247082360788,0.2105263157894736,0.9991247082360788,0.2105263157894736,1.0,0.0003327467702556,5.0,ok,research_holdout
holdout|rt_new_stress|B+P5_process|seed1807,holdout,rt_new_stress,B+P5_process,1807,"LightGBM(binary,lr0.05,leaves31,depth5,seed42)","Propagation as a process: source stress x contractual channel x persistence x destination vulnerability, in one interpretable scalar.",52 features,Platt on validation split only; test labels unused,31200.0,12800.0,12000.0,44.0,10.0,4.0,1-78,87-118,127-156,52.0,4.0,0.5357142857142857,0.9998332777592532,0.5357142857142857,0.9998332777592532,0.0141843971631205,1.0,0.00033329546889,33.0,ok,research_holdout
holdout|rt_new_stress|B+P6_full|seed1807,holdout,rt_new_stress,B+P6_full,1807,"LightGBM(binary,lr0.05,leaves31,depth5,seed42)",All research propagation features together; upper bound on what this family can contribute.,61 features,Platt on validation split only; test labels unused,31200.0,12800.0,12000.0,44.0,10.0,4.0,1-78,87-118,127-156,61.0,6.0,0.1904761904761904,0.9988746248749584,0.1904761904761904,0.9988746248749584,0.1666666666666666,1.0,0.0003332870880877,41.0,ok,research_holdout
holdout|propagation_vulnerability|A|seed1908,holdout,propagation_vulnerability,A,1908,"LightGBM(binary,lr0.05,leaves31,depth5,seed42)",Individual financial features only; no peer/network context. Lower bound.,43 features,Platt on validation split only; test labels unused,31200.0,12800.0,12000.0,18.0,10.0,4.0,1-78,87-118,127-156,43.0,3.0,0.0691413776313392,0.7560228409469824,0.0691413776313392,0.7560228409469824,0.0,0.0,0.0003344667289824,21.0,ok,research_holdout
holdout|propagation_vulnerability|B|seed1908,holdout,propagation_vulnerability,B,1908,"LightGBM(binary,lr0.05,leaves31,depth5,seed42)","Individual + network context (M2C Model B, 51 features). The baseline to beat.",51 features,Platt on validation split only; test labels unused,31200.0,12800.0,12000.0,18.0,10.0,4.0,1-78,87-118,127-156,51.0,8.0,0.0631810897435897,0.9951650550183394,0.0631810897435897,0.9951650550183394,0.0666666666666666,0.5,0.0003668027350109,100.0,ok,research_holdout
holdout|propagation_vulnerability|B+P0_m2c_exposure|seed1908,holdout,propagation_vulnerability,B+P0_m2c_exposure,1908,"LightGBM(binary,lr0.05,leaves31,depth5,seed42)","M2C Model C. Exposure = peer_predicted_stress_mean * borrower_liability_share; both factors already in B, so no new information is expected.",52 features,Platt on validation split only; test labels unused,31200.0,12800.0,12000.0,18.0,10.0,4.0,1-78,87-118,127-156,52.0,8.0,0.0631810897435897,0.9951650550183394,0.0631810897435897,0.9951650550183394,0.0666666666666666,0.5,0.0003668027188619,99.0,ok,research_holdout
holdout|propagation_vulnerability|B+P1_liab_channel|seed1908,holdout,propagation_vulnerability,B+P1_liab_channel,1908,"LightGBM(binary,lr0.05,leaves31,depth5,seed42)",Routing peer stress through the CONTRACTUAL liability weight (the generator transmission channel) rather than a wealth share should add information B lacks.,52 features,Platt on validation split only; test labels unused,31200.0,12800.0,12000.0,18.0,10.0,4.0,1-78,87-118,127-156,52.0,1.0,0.0703958333333333,0.8652884294764922,0.0703958333333333,0.8728742914304769,0.0,0.0,0.0003543335011808,5.0,ok,research_holdout
holdout|propagation_vulnerability|B+P2_concentration|seed1908,holdout,propagation_vulnerability,B+P2_concentration,1908,"LightGBM(binary,lr0.05,leaves31,depth5,seed42)",Mean peer stress cannot distinguish one severe peer from several mild ones; max/count/HHI restore that structure.,54 features,Platt on validation split only; test labels unused,31200.0,12800.0,12000.0,18.0,10.0,4.0,1-78,87-118,127-156,54.0,37.0,0.0179645412421991,0.9889129709903304,0.0179645412421991,0.9889129709903302,0.0227272727272727,0.75,0.0003546304401249,159.0,ok,research_holdout
holdout|propagation_vulnerability|B+P3_persistence|seed1908,holdout,propagation_vulnerability,B+P3_persistence,1908,"LightGBM(binary,lr0.05,leaves31,depth5,seed42)",A peer stressed for several consecutive weeks drains the group pot cumulatively; decay and velocity capture duration the contemporaneous mean discards.,53 features,Platt on validation split only; test labels unused,31200.0,12800.0,12000.0,18.0,10.0,4.0,1-78,87-118,127-156,53.0,9.0,0.0595827446211078,0.9838175225075024,0.0595827446211077,0.9838175225075024,0.04,0.5,0.0003502243937665,58.0,ok,research_holdout
holdout|propagation_vulnerability|B+P4_dest_fragility|seed1908,holdout,propagation_vulnerability,B+P4_dest_fragility,1908,"LightGBM(binary,lr0.05,leaves31,depth5,seed42)",Absolute buffer adequacy (buffer / obligation) measures capacity to absorb a liability call; B only has a RELATIVE wealth share.,53 features,Platt on validation split only; test labels unused,31200.0,12800.0,12000.0,18.0,10.0,4.0,1-78,87-118,127-156,53.0,4.0,0.0618088148028267,0.9773257752584196,0.0618088148028267,0.9773257752584196,0.0,0.0,0.0003341638733106,61.0,ok,research_holdout
holdout|propagation_vulnerability|B+P5_process|seed1908,holdout,propagation_vulnerability,B+P5_process,1908,"LightGBM(binary,lr0.05,leaves31,depth5,seed42)","Propagation as a process: source stress x contractual channel x persistence x destination vulnerability, in one interpretable scalar.",52 features,Platt on validation split only; test labels unused,31200.0,12800.0,12000.0,18.0,10.0,4.0,1-78,87-118,127-156,52.0,1.0,0.3636363636363636,0.999708236078693,0.3636363636363636,0.9997082360786927,0.1333333333333333,1.0,0.00029169630936,5.0,ok,research_holdout
holdout|propagation_vulnerability|B+P6_full|seed1908,holdout,propagation_vulnerability,B+P6_full,1908,"LightGBM(binary,lr0.05,leaves31,depth5,seed42)",All research propagation features together; upper bound on what this family can contribute.,61 features,Platt on validation split only; test labels unused,31200.0,12800.0,12000.0,18.0,10.0,4.0,1-78,87-118,127-156,61.0,3.0,0.2666666666666666,0.999541513837946,0.2666666666666666,0.999541513837946,0.1176470588235294,1.0,0.000295151936515,28.0,ok,research_holdout
holdout|rt_new_stress|A|seed1908,holdout,rt_new_stress,A,1908,"LightGBM(binary,lr0.05,leaves31,depth5,seed42)",Individual financial features only; no peer/network context. Lower bound.,43 features,Platt on validation split only; test labels unused,31200.0,12800.0,12000.0,73.0,26.0,24.0,1-78,87-118,127-156,43.0,7.0,0.2202881075995165,0.67406166499666,0.2202881075995165,0.67406166499666,0.2285714285714285,0.3333333333333333,0.0020022179498439,68.0,ok,research_holdout
holdout|rt_new_stress|B|seed1908,holdout,rt_new_stress,B,1908,"LightGBM(binary,lr0.05,leaves31,depth5,seed42)","Individual + network context (M2C Model B, 51 features). The baseline to beat.",51 features,Platt on validation split only; test labels unused,31200.0,12800.0,12000.0,73.0,26.0,24.0,1-78,87-118,127-156,51.0,2.0,0.1017911940803888,0.6423750278334447,0.1017911940803888,0.6423750278334447,0.0153256704980842,0.1666666666666666,0.0020067865469977,27.0,ok,research_holdout
holdout|rt_new_stress|B+P0_m2c_exposure|seed1908,holdout,rt_new_stress,B+P0_m2c_exposure,1908,"LightGBM(binary,lr0.05,leaves31,depth5,seed42)","M2C Model C. Exposure = peer_predicted_stress_mean * borrower_liability_share; both factors already in B, so no new information is expected.",52 features,Platt on validation split only; test labels unused,31200.0,12800.0,12000.0,73.0,26.0,24.0,1-78,87-118,127-156,52.0,6.0,0.2190092903019566,0.749766894900913,0.2190092903019566,0.749766894900913,0.1509433962264151,0.3333333333333333,0.0020023229205215,82.0,ok,research_holdout
holdout|rt_new_stress|B+P1_liab_channel|seed1908,holdout,rt_new_stress,B+P1_liab_channel,1908,"LightGBM(binary,lr0.05,leaves31,depth5,seed42)",Routing peer stress through the CONTRACTUAL liability weight (the generator transmission channel) rather than a wealth share should add information B lacks.,52 features,Platt on validation split only; test labels unused,31200.0,12800.0,12000.0,73.0,26.0,24.0,1-78,87-118,127-156,52.0,2.0,0.1017911940803888,0.6423750278334447,0.1017911940803888,0.6423750278334447,0.0153256704980842,0.1666666666666666,0.0020067861670285,27.0,ok,research_holdout
holdout|rt_new_stress|B+P2_concentration|seed1908,holdout,rt_new_stress,B+P2_concentration,1908,"LightGBM(binary,lr0.05,leaves31,depth5,seed42)",Mean peer stress cannot distinguish one severe peer from several mild ones; max/count/HHI restore that structure.,54 features,Platt on validation split only; test labels unused,31200.0,12800.0,12000.0,73.0,26.0,24.0,1-78,87-118,127-156,54.0,2.0,0.1017911940803888,0.6423750278334447,0.1017911940803888,0.6423750278334447,0.0153256704980842,0.1666666666666666,0.0020067865469977,27.0,ok,research_holdout
holdout|rt_new_stress|B+P3_persistence|seed1908,holdout,rt_new_stress,B+P3_persistence,1908,"LightGBM(binary,lr0.05,leaves31,depth5,seed42)",A peer stressed for several consecutive weeks drains the group pot cumulatively; decay and velocity capture duration the contemporaneous mean discards.,53 features,Platt on validation split only; test labels unused,31200.0,12800.0,12000.0,73.0,26.0,24.0,1-78,87-118,127-156,53.0,2.0,0.1017911940803888,0.6423750278334447,0.1017911940803888,0.6423750278334447,0.0153256704980842,0.1666666666666666,0.0020067864136492,27.0,ok,research_holdout
holdout|rt_new_stress|B+P4_dest_fragility|seed1908,holdout,rt_new_stress,B+P4_dest_fragility,1908,"LightGBM(binary,lr0.05,leaves31,depth5,seed42)",Absolute buffer adequacy (buffer / obligation) measures capacity to absorb a liability call; B only has a RELATIVE wealth share.,53 features,Platt on validation split only; test labels unused,31200.0,12800.0,12000.0,73.0,26.0,24.0,1-78,87-118,127-156,53.0,2.0,0.1017911940803888,0.6423750278334447,0.1017911940803888,0.6423750278334447,0.0153256704980842,0.1666666666666666,0.0020067865469977,27.0,ok,research_holdout
holdout|rt_new_stress|B+P5_process|seed1908,holdout,rt_new_stress,B+P5_process,1908,"LightGBM(binary,lr0.05,leaves31,depth5,seed42)","Propagation as a process: source stress x contractual channel x persistence x destination vulnerability, in one interpretable scalar.",52 features,Platt on validation split only; test labels unused,31200.0,12800.0,12000.0,73.0,26.0,24.0,1-78,87-118,127-156,52.0,2.0,0.1059251588503626,0.7577864061456246,0.1059251588503626,0.7577864061456246,0.0153846153846153,0.1666666666666666,0.0020030025588166,29.0,ok,research_holdout
holdout|rt_new_stress|B+P6_full|seed1908,holdout,rt_new_stress,B+P6_full,1908,"LightGBM(binary,lr0.05,leaves31,depth5,seed42)",All research propagation features together; upper bound on what this family can contribute.,61 features,Platt on validation split only; test labels unused,31200.0,12800.0,12000.0,73.0,26.0,24.0,1-78,87-118,127-156,61.0,4.0,0.061804835191065,0.7441775912936985,0.061804835191065,0.7441775912936985,0.1951219512195122,0.3333333333333333,0.0020067746238526,40.0,ok,research_holdout
holdout|propagation_vulnerability|A|seed2009,holdout,propagation_vulnerability,A,2009,"LightGBM(binary,lr0.05,leaves31,depth5,seed42)",Individual financial features only; no peer/network context. Lower bound.,43 features,Platt on validation split only; test labels unused,,,,,,,,,,,,,,,,,,,,unscoreable_no_test_positives,research_holdout
holdout|propagation_vulnerability|B|seed2009,holdout,propagation_vulnerability,B,2009,"LightGBM(binary,lr0.05,leaves31,depth5,seed42)","Individual + network context (M2C Model B, 51 features). The baseline to beat.",51 features,Platt on validation split only; test labels unused,,,,,,,,,,,,,,,,,,,,unscoreable_no_test_positives,research_holdout
holdout|propagation_vulnerability|B+P0_m2c_exposure|seed2009,holdout,propagation_vulnerability,B+P0_m2c_exposure,2009,"LightGBM(binary,lr0.05,leaves31,depth5,seed42)","M2C Model C. Exposure = peer_predicted_stress_mean * borrower_liability_share; both factors already in B, so no new information is expected.",52 features,Platt on validation split only; test labels unused,,,,,,,,,,,,,,,,,,,,unscoreable_no_test_positives,research_holdout
holdout|propagation_vulnerability|B+P1_liab_channel|seed2009,holdout,propagation_vulnerability,B+P1_liab_channel,2009,"LightGBM(binary,lr0.05,leaves31,depth5,seed42)",Routing peer stress through the CONTRACTUAL liability weight (the generator transmission channel) rather than a wealth share should add information B lacks.,52 features,Platt on validation split only; test labels unused,,,,,,,,,,,,,,,,,,,,unscoreable_no_test_positives,research_holdout
holdout|propagation_vulnerability|B+P2_concentration|seed2009,holdout,propagation_vulnerability,B+P2_concentration,2009,"LightGBM(binary,lr0.05,leaves31,depth5,seed42)",Mean peer stress cannot distinguish one severe peer from several mild ones; max/count/HHI restore that structure.,54 features,Platt on validation split only; test labels unused,,,,,,,,,,,,,,,,,,,,unscoreable_no_test_positives,research_holdout
holdout|propagation_vulnerability|B+P3_persistence|seed2009,holdout,propagation_vulnerability,B+P3_persistence,2009,"LightGBM(binary,lr0.05,leaves31,depth5,seed42)",A peer stressed for several consecutive weeks drains the group pot cumulatively; decay and velocity capture duration the contemporaneous mean discards.,53 features,Platt on validation split only; test labels unused,,,,,,,,,,,,,,,,,,,,unscoreable_no_test_positives,research_holdout
holdout|propagation_vulnerability|B+P4_dest_fragility|seed2009,holdout,propagation_vulnerability,B+P4_dest_fragility,2009,"LightGBM(binary,lr0.05,leaves31,depth5,seed42)",Absolute buffer adequacy (buffer / obligation) measures capacity to absorb a liability call; B only has a RELATIVE wealth share.,53 features,Platt on validation split only; test labels unused,,,,,,,,,,,,,,,,,,,,unscoreable_no_test_positives,research_holdout
holdout|propagation_vulnerability|B+P5_process|seed2009,holdout,propagation_vulnerability,B+P5_process,2009,"LightGBM(binary,lr0.05,leaves31,depth5,seed42)","Propagation as a process: source stress x contractual channel x persistence x destination vulnerability, in one interpretable scalar.",52 features,Platt on validation split only; test labels unused,,,,,,,,,,,,,,,,,,,,unscoreable_no_test_positives,research_holdout
holdout|propagation_vulnerability|B+P6_full|seed2009,holdout,propagation_vulnerability,B+P6_full,2009,"LightGBM(binary,lr0.05,leaves31,depth5,seed42)",All research propagation features together; upper bound on what this family can contribute.,61 features,Platt on validation split only; test labels unused,,,,,,,,,,,,,,,,,,,,unscoreable_no_test_positives,research_holdout
holdout|rt_new_stress|A|seed2009,holdout,rt_new_stress,A,2009,"LightGBM(binary,lr0.05,leaves31,depth5,seed42)",Individual financial features only; no peer/network context. Lower bound.,43 features,Platt on validation split only; test labels unused,31200.0,12800.0,12000.0,66.0,14.0,16.0,1-78,87-118,127-156,43.0,17.0,0.1969396692549142,0.8029195176902536,0.1969396692549142,0.8029195176902536,0.0178571428571428,0.1875,0.0013249607218928,108.0,ok,research_holdout
holdout|rt_new_stress|B|seed2009,holdout,rt_new_stress,B,2009,"LightGBM(binary,lr0.05,leaves31,depth5,seed42)","Individual + network context (M2C Model B, 51 features). The baseline to beat.",51 features,Platt on validation split only; test labels unused,31200.0,12800.0,12000.0,66.0,14.0,16.0,1-78,87-118,127-156,51.0,73.0,0.1959000440467211,0.5928242865487316,0.1959000440467211,0.5928242865487316,0.034090909090909,0.1875,0.0013226817043514,957.0,ok,research_holdout
holdout|rt_new_stress|B+P0_m2c_exposure|seed2009,holdout,rt_new_stress,B+P0_m2c_exposure,2009,"LightGBM(binary,lr0.05,leaves31,depth5,seed42)","M2C Model C. Exposure = peer_predicted_stress_mean * borrower_liability_share; both factors already in B, so no new information is expected.",52 features,Platt on validation split only; test labels unused,31200.0,12800.0,12000.0,66.0,14.0,16.0,1-78,87-118,127-156,52.0,71.0,0.1885151805783926,0.4255283085781042,0.1885151805783926,0.4255283085781042,0.0232558139534883,0.1875,0.0013228323682519,892.0,ok,research_holdout
holdout|rt_new_stress|B+P1_liab_channel|seed2009,holdout,rt_new_stress,B+P1_liab_channel,2009,"LightGBM(binary,lr0.05,leaves31,depth5,seed42)",Routing peer stress through the CONTRACTUAL liability weight (the generator transmission channel) rather than a wealth share should add information B lacks.,52 features,Platt on validation split only; test labels unused,31200.0,12800.0,12000.0,66.0,14.0,16.0,1-78,87-118,127-156,52.0,11.0,0.2137416008091278,0.7811065796061415,0.2137416008091278,0.7811065796061415,0.0384615384615384,0.4375,0.0013237399267614,81.0,ok,research_holdout
holdout|rt_new_stress|B+P2_concentration|seed2009,holdout,rt_new_stress,B+P2_concentration,2009,"LightGBM(binary,lr0.05,leaves31,depth5,seed42)",Mean peer stress cannot distinguish one severe peer from several mild ones; max/count/HHI restore that structure.,54 features,Platt on validation split only; test labels unused,31200.0,12800.0,12000.0,66.0,14.0,16.0,1-78,87-118,127-156,54.0,11.0,0.2127963836761371,0.7471289844793056,0.2127963836761371,0.7471289844793056,0.0384615384615384,0.4375,0.0013239867958413,81.0,ok,research_holdout
holdout|rt_new_stress|B+P3_persistence|seed2009,holdout,rt_new_stress,B+P3_persistence,2009,"LightGBM(binary,lr0.05,leaves31,depth5,seed42)",A peer stressed for several consecutive weeks drains the group pot cumulatively; decay and velocity capture duration the contemporaneous mean discards.,53 features,Platt on validation split only; test labels unused,31200.0,12800.0,12000.0,66.0,14.0,16.0,1-78,87-118,127-156,53.0,80.0,0.2250505648312941,0.4038952978971963,0.2250505648312941,0.4038952978971963,0.5714285714285714,0.25,0.0013220567878917,925.0,ok,research_holdout
holdout|rt_new_stress|B+P4_dest_fragility|seed2009,holdout,rt_new_stress,B+P4_dest_fragility,2009,"LightGBM(binary,lr0.05,leaves31,depth5,seed42)",Absolute buffer adequacy (buffer / obligation) measures capacity to absorb a liability call; B only has a RELATIVE wealth share.,53 features,Platt on validation split only; test labels unused,31200.0,12800.0,12000.0,66.0,14.0,16.0,1-78,87-118,127-156,53.0,88.0,0.1885908267686785,0.4552215453938585,0.1885908267686785,0.4552215453938585,0.027027027027027,0.1875,0.0013226569446172,1116.0,ok,research_holdout
holdout|rt_new_stress|B+P5_process|seed2009,holdout,rt_new_stress,B+P5_process,2009,"LightGBM(binary,lr0.05,leaves31,depth5,seed42)","Propagation as a process: source stress x contractual channel x persistence x destination vulnerability, in one interpretable scalar.",52 features,Platt on validation split only; test labels unused,31200.0,12800.0,12000.0,66.0,14.0,16.0,1-78,87-118,127-156,52.0,84.0,0.2375424907434688,0.5056194717957276,0.2375424907434688,0.5056194717957276,0.1,0.4375,0.0013223372623683,967.0,ok,research_holdout
holdout|rt_new_stress|B+P6_full|seed2009,holdout,rt_new_stress,B+P6_full,2009,"LightGBM(binary,lr0.05,leaves31,depth5,seed42)",All research propagation features together; upper bound on what this family can contribute.,61 features,Platt on validation split only; test labels unused,31200.0,12800.0,12000.0,66.0,14.0,16.0,1-78,87-118,127-156,61.0,9.0,0.2390512693121518,0.5916638851802403,0.2390512693121518,0.5916638851802403,0.5,0.1875,0.0013224068105356,73.0,ok,research_holdout
holdout|propagation_vulnerability|A|seed2110,holdout,propagation_vulnerability,A,2110,"LightGBM(binary,lr0.05,leaves31,depth5,seed42)",Individual financial features only; no peer/network context. Lower bound.,43 features,Platt on validation split only; test labels unused,,,,,,,,,,,,,,,,,,,,unscoreable_no_test_positives,research_holdout
holdout|propagation_vulnerability|B|seed2110,holdout,propagation_vulnerability,B,2110,"LightGBM(binary,lr0.05,leaves31,depth5,seed42)","Individual + network context (M2C Model B, 51 features). The baseline to beat.",51 features,Platt on validation split only; test labels unused,,,,,,,,,,,,,,,,,,,,unscoreable_no_test_positives,research_holdout
holdout|propagation_vulnerability|B+P0_m2c_exposure|seed2110,holdout,propagation_vulnerability,B+P0_m2c_exposure,2110,"LightGBM(binary,lr0.05,leaves31,depth5,seed42)","M2C Model C. Exposure = peer_predicted_stress_mean * borrower_liability_share; both factors already in B, so no new information is expected.",52 features,Platt on validation split only; test labels unused,,,,,,,,,,,,,,,,,,,,unscoreable_no_test_positives,research_holdout
holdout|propagation_vulnerability|B+P1_liab_channel|seed2110,holdout,propagation_vulnerability,B+P1_liab_channel,2110,"LightGBM(binary,lr0.05,leaves31,depth5,seed42)",Routing peer stress through the CONTRACTUAL liability weight (the generator transmission channel) rather than a wealth share should add information B lacks.,52 features,Platt on validation split only; test labels unused,,,,,,,,,,,,,,,,,,,,unscoreable_no_test_positives,research_holdout
holdout|propagation_vulnerability|B+P2_concentration|seed2110,holdout,propagation_vulnerability,B+P2_concentration,2110,"LightGBM(binary,lr0.05,leaves31,depth5,seed42)",Mean peer stress cannot distinguish one severe peer from several mild ones; max/count/HHI restore that structure.,54 features,Platt on validation split only; test labels unused,,,,,,,,,,,,,,,,,,,,unscoreable_no_test_positives,research_holdout
holdout|propagation_vulnerability|B+P3_persistence|seed2110,holdout,propagation_vulnerability,B+P3_persistence,2110,"LightGBM(binary,lr0.05,leaves31,depth5,seed42)",A peer stressed for several consecutive weeks drains the group pot cumulatively; decay and velocity capture duration the contemporaneous mean discards.,53 features,Platt on validation split only; test labels unused,,,,,,,,,,,,,,,,,,,,unscoreable_no_test_positives,research_holdout
holdout|propagation_vulnerability|B+P4_dest_fragility|seed2110,holdout,propagation_vulnerability,B+P4_dest_fragility,2110,"LightGBM(binary,lr0.05,leaves31,depth5,seed42)",Absolute buffer adequacy (buffer / obligation) measures capacity to absorb a liability call; B only has a RELATIVE wealth share.,53 features,Platt on validation split only; test labels unused,,,,,,,,,,,,,,,,,,,,unscoreable_no_test_positives,research_holdout
holdout|propagation_vulnerability|B+P5_process|seed2110,holdout,propagation_vulnerability,B+P5_process,2110,"LightGBM(binary,lr0.05,leaves31,depth5,seed42)","Propagation as a process: source stress x contractual channel x persistence x destination vulnerability, in one interpretable scalar.",52 features,Platt on validation split only; test labels unused,,,,,,,,,,,,,,,,,,,,unscoreable_no_test_positives,research_holdout
holdout|propagation_vulnerability|B+P6_full|seed2110,holdout,propagation_vulnerability,B+P6_full,2110,"LightGBM(binary,lr0.05,leaves31,depth5,seed42)",All research propagation features together; upper bound on what this family can contribute.,61 features,Platt on validation split only; test labels unused,,,,,,,,,,,,,,,,,,,,unscoreable_no_test_positives,research_holdout
holdout|rt_new_stress|A|seed2110,holdout,rt_new_stress,A,2110,"LightGBM(binary,lr0.05,leaves31,depth5,seed42)",Individual financial features only; no peer/network context. Lower bound.,43 features,Platt on validation split only; test labels unused,31200.0,12800.0,12000.0,48.0,26.0,4.0,1-78,87-118,127-156,43.0,16.0,0.0080725329375054,0.337258252750917,0.0080725329375054,0.337258252750917,0.0285714285714285,0.25,0.0003378319099517,68.0,ok,research_holdout
holdout|rt_new_stress|B|seed2110,holdout,rt_new_stress,B,2110,"LightGBM(binary,lr0.05,leaves31,depth5,seed42)","Individual + network context (M2C Model B, 51 features). The baseline to beat.",51 features,Platt on validation split only; test labels unused,31200.0,12800.0,12000.0,48.0,26.0,4.0,1-78,87-118,127-156,51.0,6.0,0.0252524190155658,0.6055247582527509,0.0252524190155658,0.6055247582527509,0.0232558139534883,0.25,0.0003305755572438,24.0,ok,research_holdout
holdout|rt_new_stress|B+P0_m2c_exposure|seed2110,holdout,rt_new_stress,B+P0_m2c_exposure,2110,"LightGBM(binary,lr0.05,leaves31,depth5,seed42)","M2C Model C. Exposure = peer_predicted_stress_mean * borrower_liability_share; both factors already in B, so no new information is expected.",52 features,Platt on validation split only; test labels unused,31200.0,12800.0,12000.0,48.0,26.0,4.0,1-78,87-118,127-156,52.0,17.0,0.0087796954818231,0.7033281927309103,0.0087796954818231,0.7033281927309103,0.032258064516129,0.25,0.000358050027497,84.0,ok,research_holdout
holdout|rt_new_stress|B+P1_liab_channel|seed2110,holdout,rt_new_stress,B+P1_liab_channel,2110,"LightGBM(binary,lr0.05,leaves31,depth5,seed42)",Routing peer stress through the CONTRACTUAL liability weight (the generator transmission channel) rather than a wealth share should add information B lacks.,52 features,Platt on validation split only; test labels unused,31200.0,12800.0,12000.0,48.0,26.0,4.0,1-78,87-118,127-156,52.0,6.0,0.0252524190155658,0.6055247582527509,0.0252524190155658,0.6055247582527509,0.0232558139534883,0.25,0.0003305714835402,24.0,ok,research_holdout
holdout|rt_new_stress|B+P2_concentration|seed2110,holdout,rt_new_stress,B+P2_concentration,2110,"LightGBM(binary,lr0.05,leaves31,depth5,seed42)",Mean peer stress cannot distinguish one severe peer from several mild ones; max/count/HHI restore that structure.,54 features,Platt on validation split only; test labels unused,31200.0,12800.0,12000.0,48.0,26.0,4.0,1-78,87-118,127-156,54.0,5.0,0.028028028028028,0.6081714738246082,0.028028028028028,0.6081714738246082,0.1,0.25,0.0003289996835165,16.0,ok,research_holdout
holdout|rt_new_stress|B+P3_persistence|seed2110,holdout,rt_new_stress,B+P3_persistence,2110,"LightGBM(binary,lr0.05,leaves31,depth5,seed42)",A peer stressed for several consecutive weeks drains the group pot cumulatively; decay and velocity capture duration the contemporaneous mean discards.,53 features,Platt on validation split only; test labels unused,31200.0,12800.0,12000.0,48.0,26.0,4.0,1-78,87-118,127-156,53.0,3.0,0.0419199808607053,0.6135170056685562,0.0419199808607053,0.6135170056685562,0.0526315789473684,0.25,0.0003277763070756,16.0,ok,research_holdout
holdout|rt_new_stress|B+P4_dest_fragility|seed2110,holdout,rt_new_stress,B+P4_dest_fragility,2110,"LightGBM(binary,lr0.05,leaves31,depth5,seed42)",Absolute buffer adequacy (buffer / obligation) measures capacity to absorb a liability call; B only has a RELATIVE wealth share.,53 features,Platt on validation split only; test labels unused,31200.0,12800.0,12000.0,48.0,26.0,4.0,1-78,87-118,127-156,53.0,6.0,0.0252524190155658,0.6055247582527509,0.0252524190155658,0.6055247582527509,0.0232558139534883,0.25,0.0003305755572438,24.0,ok,research_holdout
holdout|rt_new_stress|B+P5_process|seed2110,holdout,rt_new_stress,B+P5_process,2110,"LightGBM(binary,lr0.05,leaves31,depth5,seed42)","Propagation as a process: source stress x contractual channel x persistence x destination vulnerability, in one interpretable scalar.",52 features,Platt on validation split only; test labels unused,31200.0,12800.0,12000.0,48.0,26.0,4.0,1-78,87-118,127-156,52.0,4.0,0.0280359977812207,0.6197065688562855,0.0280359977812207,0.6197065688562855,0.0833333333333333,0.25,0.0003285898651067,23.0,ok,research_holdout
holdout|rt_new_stress|B+P6_full|seed2110,holdout,rt_new_stress,B+P6_full,2110,"LightGBM(binary,lr0.05,leaves31,depth5,seed42)",All research propagation features together; upper bound on what this family can contribute.,61 features,Platt on validation split only; test labels unused,31200.0,12800.0,12000.0,48.0,26.0,4.0,1-78,87-118,127-156,61.0,18.0,0.0359719512644016,0.4672911803934644,0.0359719512644016,0.4672911803934644,0.0833333333333333,0.25,0.0003276837321958,85.0,ok,research_holdout
